Country,1990,1991,1992,1993,1994,1995,1996,1997,1998,1999,2000,2001,2002,2003,2004,2005,2006,2007,2008,2009,2010,2011,2012,2013,2014
Afghanistan,<0.1 [<0.1 - <0.1],<0.1 [<0.1 - <0.1],<0.1 [<0.1 - <0.1],<0.1 [<0.1 - <0.1],<0.1 [<0.1 - <0.1],<0.1 [<0.1 - <0.1],<0.1 [<0.1 - <0.1],<0.1 [<0.1 - <0.1],<0.1 [<0.1 - <0.1],<0.1 [<0.1 - <0.1],<0.1 [<0.1 - <0.1],<0.1 [<0.1 - <0.1],<0.1 [<0.1 - <0.1],<0.1 [<0.1 - <0.1],<0.1 [<0.1 - <0.1],<0.1 [<0.1 - <0.1],<0.1 [<0.1 - <0.1],<0.1 [<0.1 - <0.1],<0.1 [<0.1 - <0.1],<0.1 [<0.1 - <0.1],<0.1 [<0.1 - <0.1],<0.1 [<0.1 - <0.1],<0.1 [<0.1 - <0.1],<0.1 [<0.1 - <0.1],<0.1 [<0.1 - <0.1]
Algeria,<0.1 [<0.1 - <0.1],<0.1 [<0.1 - <0.1],<0.1 [<0.1 - <0.1],<0.1 [<0.1 - <0.1],<0.1 [<0.1 - <0.1],<0.1 [<0.1 - <0.1],<0.1 [<0.1 - <0.1],<0.1 [<0.1 - <0.1],<0.1 [<0.1 - <0.1],<0.1 [<0.1 - <0.1],<0.1 [<0.1 - <0.1],<0.1 [<0.1 - <0.1],<0.1 [<0.1 - <0.1],<0.1 [<0.1 - <0.1],<0.1 [<0.1 - <0.1],<0.1 [<0.1 - <0.1],<0.1 [<0.1 - <0.1],<0.1 [<0.1 - <0.1],<0.1 [<0.1 - <0.1],<0.1 [<0.1 - <0.1],<0.1 [<0.1 - <0.1],<0.1 [<0.1 - <0.1],<0.1 [<0.1 - <0.1],<0.1 [<0.1 - <0.1],<0.1 [<0.1 - <0.1]
Angola,0.5 [0.2 - 1.3],0.6 [0.3 - 1.4],0.7 [0.3 - 1.6],0.8 [0.4 - 1.8],0.9 [0.4 - 1.9],1.0 [0.5 - 2.1],1.1 [0.6 - 2.2],1.3 [0.7 - 2.3],1.4 [0.8 - 2.4],1.5 [0.9 - 2.5],1.6 [1.0 - 2.6],1.8 [1.2 - 2.7],1.9 [1.3 - 2.8],1.9 [1.3 - 2.9],2.0 [1.4 - 2.9],2.1 [1.5 - 3.0],2.1 [1.5 - 3.0],2.2 [1.6 - 3.1],2.3 [1.6 - 3.2],2.3 [1.7 - 3.2],2.3 [1.7 - 3.3],2.4 [1.7 - 3.3],2.4 [1.7 - 3.3],2.4 [1.7 - 3.3],2.4 [1.7 - 3.3]
Argentina,0.1 [<0.1 - 0.2],0.1 [<0.1 - 0.2],0.2 [<0.1 - 0.2],0.2 [0.1 - 0.2],0.2 [0.1 - 0.3],0.2 [0.1 - 0.3],0.2 [0.1 - 0.3],0.2 [0.1 - 0.3],0.3 [0.2 - 0.4],0.3 [0.2 - 0.4],0.3 [0.2 - 0.4],0.3 [0.2 - 0.4],0.3 [0.2 - 0.4],0.4 [0.2 - 0.5],0.4 [0.2 - 0.5],0.4 [0.2 - 0.5],0.4 [0.2 - 0.5],0.4 [0.3 - 0.5],0.4 [0.3 - 0.6],0.4 [0.3 - 0.6],0.4 [0.3 - 0.6],0.5 [0.3 - 0.6],0.5 [0.3 - 0.6],0.5 [0.3 - 0.6],0.5 [0.3 - 0.6]
Armenia,<0.1 [<0.1 - <0.1],<0.1 [<0.1 - <0.1],<0.1 [<0.1 - <0.1],<0.1 [<0.1 - <0.1],<0.1 [<0.1 - <0.1],<0.1 [<0.1 - <0.1],<0.1 [<0.1 - <0.1],<0.1 [<0.1 - <0.1],<0.1 [<0.1 - <0.1],<0.1 [<0.1 - <0.1],<0.1 [<0.1 - 0.1],<0.1 [<0.1 - 0.2],0.1 [<0.1 - 0.2],0.1 [<0.1 - 0.3],0.2 [<0.1 - 0.3],0.2 [<0.1 - 0.3],0.2 [<0.1 - 0.3],0.2 [0.1 - 0.3],0.2 [0.1 - 0.3],0.2 [0.1 - 0.3],0.2 [0.1 - 0.3],0.2 [0.1 - 0.3],0.2 [0.1 - 0.3],0.2 [0.1 - 0.3],0.2 [0.2 - 0.3]
Azerbaijan,<0.1 [<0.1 - <0.1],<0.1 [<0.1 - <0.1],<0.1 [<0.1 - <0.1],<0.1 [<0.1 - <0.1],<0.1 [<0.1 - <0.1],<0.1 [<0.1 - <0.1],<0.1 [<0.1 - <0.1],<0.1 [<0.1 - <0.1],<0.1 [<0.1 - <0.1],<0.1 [<0.1 - <0.1],<0.1 [<0.1 - <0.1],<0.1 [<0.1 - <0.1],<0.1 [<0.1 - <0.1],<0.1 [<0.1 - <0.1],<0.1 [<0.1 - <0.1],<0.1 [<0.1 - 0.1],<0.1 [<0.1 - 0.1],<0.1 [<0.1 - 0.1],<0.1 [<0.1 - 0.1],<0.1 [<0.1 - 0.1],0.1 [<0.1 - 0.2],0.1 [<0.1 - 0.2],0.1 [<0.1 - 0.2],0.1 [<0.1 - 0.2],0.1 [<0.1 - 0.2]
Bangladesh,<0.1 [<0.1 - <0.1],<0.1 [<0.1 - <0.1],<0.1 [<0.1 - <0.1],<0.1 [<0.1 - <0.1],<0.1 [<0.1 - <0.1],<0.1 [<0.1 - <0.1],<0.1 [<0.1 - <0.1],<0.1 [<0.1 - <0.1],<0.1 [<0.1 - <0.1],<0.1 [<0.1 - <0.1],<0.1 [<0.1 - <0.1],<0.1 [<0.1 - <0.1],<0.1 [<0.1 - <0.1],<0.1 [<0.1 - <0.1],<0.1 [<0.1 - <0.1],<0.1 [<0.1 - <0.1],<0.1 [<0.1 - <0.1],<0.1 [<0.1 - <0.1],<0.1 [<0.1 - <0.1],<0.1 [<0.1 - <0.1],<0.1 [<0.1 - <0.1],<0.1 [<0.1 - <0.1],<0.1 [<0.1 - <0.1],<0.1 [<0.1 - <0.1],<0.1 [<0.1 - <0.1]
Belarus,<0.1 [<0.1 - <0.1],<0.1 [<0.1 - <0.1],<0.1 [<0.1 - <0.1],<0.1 [<0.1 - <0.1],<0.1 [<0.1 - <0.1],<0.1 [<0.1 - <0.1],<0.1 [<0.1 - <0.1],<0.1 [<0.1 - <0.1],<0.1 [<0.1 - 0.1],<0.1 [<0.1 - 0.1],0.1 [<0.1 - 0.2],0.2 [0.1 - 0.2],0.2 [0.1 - 0.2],0.2 [0.2 - 0.3],0.2 [0.2 - 0.3],0.3 [0.2 - 0.3],0.3 [0.2 - 0.4],0.3 [0.3 - 0.4],0.3 [0.3 - 0.4],0.4 [0.3 - 0.5],0.4 [0.3 - 0.5],0.4 [0.3 - 0.5],0.5 [0.4 - 0.6],0.5 [0.4 - 0.6],0.5 [0.4 - 0.6]
Belize,<0.1 [<0.1 - <0.1],<0.1 [<0.1 - <0.1],<0.1 [<0.1 - <0.1],<0.1 [<0.1 - 0.1],<0.1 [<0.1 - 0.3],0.2 [<0.1 - 0.6],0.3 [<0.1 - 0.9],0.6 [0.2 - 1.3],0.9 [0.4 - 1.6],1.3 [0.7 - 1.9],1.5 [1.0 - 1.9],1.5 [1.2 - 1.9],1.5 [1.3 - 1.9],1.5 [1.3 - 1.8],1.5 [1.3 - 1.8],1.5 [1.3 - 1.7],1.4 [1.3 - 1.7],1.4 [1.3 - 1.6],1.3 [1.2 - 1.5],1.3 [1.2 - 1.5],1.3 [1.2 - 1.4],1.2 [1.1 - 1.4],1.2 [1.1 - 1.4],1.2 [1.0 - 3.5],1.2 [1.0 - 3.4]
Benin,0.5 [0.4 - 0.7],0.6 [0.4 - 0.7],0.7 [0.5 - 0.8],0.8 [0.6 - 1.0],0.9 [0.7 - 1.1],1.0 [0.8 - 1.2],1.1 [0.9 - 1.3],1.2 [1.0 - 1.4],1.3 [1.1 - 1.5],1.3 [1.1 - 1.5],1.4 [1.2 - 1.5],1.4 [1.2 - 1.5],1.4 [1.2 - 1.6],1.4 [1.2 - 1.5],1.3 [1.2 - 1.5],1.3 [1.2 - 1.5],1.3 [1.1 - 1.4],1.2 [1.1 - 1.4],1.2 [1.0 - 1.3],1.2 [1.1 - 1.4],1.2 [1.1 - 1.4],1.2 [1.1 - 1.4],1.2 [1.0 - 1.4],1.2 [1.0 - 1.4],1.1 [1.0 - 1.3]
Bolivia (Plurinational State of),<0.1 [<0.1 - <0.1],<0.1 [<0.1 - <0.1],<0.1 [<0.1 - <0.1],<0.1 [<0.1 - <0.1],<0.1 [<0.1 - 0.1],<0.1 [<0.1 - 0.1],<0.1 [<0.1 - 0.2],0.1 [<0.1 - 0.2],0.1 [<0.1 - 0.3],0.1 [<0.1 - 0.3],0.2 [<0.1 - 0.3],0.2 [0.1 - 0.3],0.2 [0.1 - 0.3],0.2 [0.1 - 0.3],0.2 [0.1 - 0.3],0.2 [0.2 - 0.3],0.2 [0.2 - 0.3],0.2 [0.2 - 0.3],0.3 [0.2 - 0.3],0.3 [0.2 - 0.4],0.3 [0.2 - 0.4],0.3 [0.2 - 0.4],0.3 [0.2 - 0.5],0.3 [0.2 - 0.5],0.3 [0.2 - 0.5]
Botswana,6.7 [6.0 - 7.6],9.4 [8.6 - 10.3],12.4 [11.5 - 13.4],15.6 [14.7 - 16.6],18.8 [17.9 - 19.8],21.8 [20.8 - 22.8],24.3 [23.4 - 25.3],26.3 [25.4 - 27.2],27.7 [26.8 - 28.6],28.6 [27.6 - 29.5],29.0 [28.0 - 29.9],29.1 [28.1 - 30.0],28.8 [27.8 - 29.7],28.3 [27.3 - 29.3],27.8 [26.8 - 28.8],27.5 [26.4 - 28.4],27.1 [26.1 - 28.1],26.8 [25.8 - 27.8],26.5 [25.5 - 27.5],26.2 [25.1 - 27.2],26.0 [24.9 - 27.0],25.8 [24.6 - 26.8],25.6 [24.5 - 26.6],25.4 [24.2 - 26.4],25.2 [23.9 - 26.3]
Brazil,[0.3 - 0.4],[0.3 - 0.5],[0.3 - 0.5],[0.3 - 0.5],[0.3 - 0.5],[0.3 - 0.5],[0.3 - 0.5],[0.3 - 0.5],[0.3 - 0.5],[0.3 - 0.5],[0.3 - 0.5],[0.3 - 0.6],[0.4 - 0.6],[0.4 - 0.6],[0.4 - 0.6],[0.4 - 0.6],[0.4 - 0.6],[0.4 - 0.7],[0.4 - 0.7],[0.4 - 0.7],[0.4 - 0.7],[0.4 - 0.7],[0.4 - 0.7],[0.4 - 0.7],[0.4 - 0.7]
Burkina Faso,3.4 [2.7 - 4.2],3.6 [2.9 - 4.5],3.8 [3.1 - 4.6],3.8 [3.1 - 4.6],3.7 [3.1 - 4.5],3.6 [3.0 - 4.4],3.4 [2.9 - 4.1],3.2 [2.7 - 3.8],2.9 [2.5 - 3.5],2.7 [2.3 - 3.2],2.4 [2.0 - 2.9],2.2 [1.8 - 2.6],1.9 [1.7 - 2.3],1.7 [1.5 - 2.0],1.6 [1.3 - 1.8],1.4 [1.2 - 1.7],1.3 [1.1 - 1.5],1.2 [1.1 - 1.4],1.2 [1.0 - 1.4],1.1 [0.9 - 1.3],1.1 [0.9 - 1.2],1.0 [0.9 - 1.2],1.0 [0.8 - 1.2],1.0 [0.8 - 1.1],0.9 [0.8 - 1.1]
Burundi,1.4 [0.6 - 3.2],1.7 [0.9 - 3.6],2.0 [1.1 - 3.9],2.3 [1.4 - 4.2],2.6 [1.7 - 4.3],2.9 [2.0 - 4.5],3.1 [2.4 - 4.6],3.3 [2.6 - 4.6],3.4 [2.8 - 4.5],3.4 [2.8 - 4.4],3.3 [2.9 - 4.2],3.2 [2.8 - 4.0],3.1 [2.7 - 3.7],2.9 [2.5 - 3.4],2.7 [2.4 - 3.2],2.5 [2.2 - 2.9],2.3 [2.0 - 2.6],2.1 [1.8 - 2.4],1.9 [1.7 - 2.2],1.7 [1.5 - 2.0],1.6 [1.4 - 1.8],1.4 [1.3 - 1.7],1.3 [1.2 - 1.6],1.2 [1.1 - 1.4],1.1 [1.0 - 1.3]
Cambodia,<0.1 [<0.1 - <0.1],<0.1 [<0.1 - 0.2],0.3 [<0.1 - 0.6],0.6 [0.2 - 1.2],1.0 [0.4 - 2.0],1.3 [0.6 - 2.7],1.6 [0.8 - 3.3],1.8 [0.9 - 3.5],1.8 [0.9 - 3.6],1.8 [0.9 - 3.5],1.7 [0.9 - 3.3],1.6 [0.9 - 3.0],1.5 [0.8 - 2.7],1.3 [0.8 - 2.4],1.2 [0.7 - 2.2],1.1 [0.7 - 2.0],1.0 [0.6 - 1.8],1.0 [0.6 - 1.7],0.9 [0.6 - 1.7],0.9 [0.6 - 1.6],0.8 [0.5 - 1.5],0.8 [0.5 - 1.4],0.7 [0.5 - 1.4],0.7 [0.4 - 1.3],0.6 [0.4 - 1.3]
Cameroon,2.6 [2.0 - 3.1],3.0 [2.4 - 3.5],3.4 [2.7 - 3.9],3.8 [3.1 - 4.2],4.2 [3.5 - 4.6],4.6 [3.9 - 4.9],4.9 [4.2 - 5.2],5.1 [4.5 - 5.4],5.3 [4.7 - 5.6],5.4 [4.9 - 5.7],5.5 [5.1 - 5.8],5.5 [5.1 - 5.8],5.5 [5.2 - 5.8],5.5 [5.1 - 5.7],5.4 [5.1 - 5.7],5.3 [5.0 - 5.6],5.3 [5.0 - 5.5],5.2 [4.9 - 5.5],5.2 [4.9 - 5.4],5.1 [4.8 - 5.4],5.1 [4.8 - 5.3],5.0 [4.7 - 5.3],4.9 [4.6 - 5.2],4.9 [4.5 - 5.2],4.8 [4.4 - 5.1]
Cape Verde,0.3 [0.2 - 0.5],0.4 [0.3 - 0.5],0.4 [0.3 - 0.6],0.5 [0.4 - 0.6],0.6 [0.4 - 0.7],0.6 [0.5 - 0.8],0.7 [0.5 - 0.9],0.7 [0.6 - 0.9],0.8 [0.6 - 1.0],0.8 [0.7 - 1.0],0.8 [0.7 - 1.0],0.9 [0.7 - 1.1],0.9 [0.7 - 1.1],0.9 [0.7 - 1.1],0.9 [0.7 - 1.1],0.9 [0.7 - 1.1],0.9 [0.7 - 1.1],0.9 [0.7 - 1.1],0.9 [0.8 - 1.2],1.0 [0.8 - 1.2],1.0 [0.8 - 1.2],1.0 [0.8 - 1.2],1.0 [0.9 - 1.2],1.1 [0.9 - 1.2],1.1 [0.9 - 1.2]
Central African Republic,4.4 [3.5 - 6.1],5.3 [4.2 - 7.5],6.3 [5.0 - 8.8],7.3 [5.8 - 10.2],8.3 [6.5 - 11.3],9.1 [7.3 - 12.1],9.6 [7.7 - 12.5],9.9 [8.1 - 12.6],10.0 [8.3 - 12.4],9.9 [8.3 - 12.0],9.6 [8.2 - 11.4],9.2 [7.9 - 10.7],8.7 [7.6 - 10.0],8.1 [7.2 - 9.2],7.6 [6.8 - 8.5],7.0 [6.4 - 7.9],6.5 [6.0 - 7.2],6.1 [5.6 - 6.7],5.7 [5.3 - 6.3],5.4 [5.0 - 6.0],5.2 [4.7 - 5.7],4.9 [4.5 - 5.4],4.7 [4.3 - 5.1],4.5 [4.1 - 4.9],4.3 [3.9 - 4.6]
Chad,1.3 [0.9 - 1.9],1.5 [1.0 - 2.2],1.7 [1.2 - 2.4],1.9 [1.3 - 2.7],2.1 [1.5 - 2.9],2.3 [1.7 - 3.2],2.5 [1.9 - 3.4],2.7 [2.1 - 3.6],2.9 [2.3 - 3.7],3.1 [2.5 - 3.9],3.3 [2.7 - 4.0],3.4 [2.8 - 4.1],3.5 [2.9 - 4.2],3.5 [2.9 - 4.2],3.5 [3.0 - 4.2],3.5 [2.9 - 4.1],3.4 [2.9 - 4.0],3.3 [2.8 - 3.9],3.2 [2.7 - 3.7],3.1 [2.6 - 3.7],3.0 [2.5 - 3.6],2.9 [2.4 - 3.4],2.8 [2.3 - 3.3],2.6 [2.2 - 3.2],2.5 [2.1 - 3.0]
Chile,0.2 [<0.1 - 0.3],0.2 [<0.1 - 0.2],0.2 [<0.1 - 0.2],0.2 [<0.1 - 0.2],0.2 [<0.1 - 0.2],0.2 [0.1 - 0.2],0.2 [0.1 - 0.2],0.2 [0.1 - 0.2],0.2 [0.1 - 0.2],0.2 [0.1 - 0.2],0.2 [0.1 - 0.3],0.2 [0.2 - 0.3],0.2 [0.2 - 0.3],0.2 [0.2 - 0.3],0.2 [0.2 - 0.3],0.2 [0.2 - 0.3],0.2 [0.2 - 0.3],0.2 [0.2 - 0.3],0.3 [0.2 - 0.3],0.3 [0.2 - 0.3],0.3 [0.2 - 0.3],0.3 [0.2 - 0.3],0.3 [0.2 - 0.3],0.3 [0.2 - 0.3],0.3 [0.2 - 0.3]
Colombia,<0.1 [<0.1 - 0.2],0.1 [<0.1 - 0.2],0.1 [<0.1 - 0.2],0.2 [0.1 - 0.3],0.2 [0.2 - 0.3],0.3 [0.2 - 0.4],0.4 [0.3 - 0.5],0.4 [0.3 - 0.6],0.5 [0.4 - 0.6],0.5 [0.4 - 0.6],0.5 [0.4 - 0.6],0.5 [0.4 - 0.6],0.5 [0.4 - 0.6],0.5 [0.4 - 0.6],0.5 [0.4 - 0.6],0.5 [0.4 - 0.6],0.5 [0.4 - 0.6],0.5 [0.4 - 0.6],0.4 [0.3 - 0.6],0.4 [0.3 - 0.5],0.4 [0.3 - 0.5],0.4 [0.3 - 0.5],0.4 [0.3 - 0.5],0.4 [0.3 - 0.5],0.4 [0.3 - 0.5]
Congo,3.9 [3.4 - 4.5],4.3 [3.8 - 5.0],4.8 [4.2 - 5.4],5.1 [4.5 - 5.8],5.4 [4.8 - 6.0],5.5 [4.9 - 6.2],5.6 [5.0 - 6.3],5.7 [5.1 - 6.3],5.6 [5.0 - 6.3],5.5 [4.9 - 6.2],5.4 [4.8 - 6.0],5.2 [4.6 - 5.7],4.9 [4.4 - 5.5],4.7 [4.2 - 5.2],4.4 [3.9 - 4.9],4.1 [3.7 - 4.6],3.9 [3.5 - 4.3],3.7 [3.3 - 4.1],3.5 [3.1 - 3.8],3.3 [3.0 - 3.7],3.2 [2.9 - 3.5],3.1 [2.8 - 3.4],3.0 [2.7 - 3.3],2.9 [2.6 - 3.2],2.8 [2.5 - 3.0]
Costa Rica,<0.1 [<0.1 - 0.1],<0.1 [<0.1 - 0.1],<0.1 [<0.1 - 0.1],<0.1 [<0.1 - 0.1],0.1 [<0.1 - 0.1],0.1 [<0.1 - 0.1],0.1 [<0.1 - 0.2],0.1 [<0.1 - 0.2],0.1 [<0.1 - 0.2],0.1 [<0.1 - 0.2],0.1 [<0.1 - 0.2],0.2 [0.1 - 0.2],0.2 [0.1 - 0.2],0.2 [0.1 - 0.2],0.2 [0.1 - 0.3],0.2 [0.1 - 0.3],0.2 [0.2 - 0.3],0.2 [0.2 - 0.3],0.2 [0.2 - 0.3],0.2 [0.2 - 0.3],0.2 [0.2 - 0.3],0.3 [0.2 - 0.3],0.3 [0.2 - 0.3],0.3 [0.2 - 0.3],0.3 [0.2 - 0.3]
Cuba,<0.1 [<0.1 - <0.1],<0.1 [<0.1 - <0.1],<0.1 [<0.1 - <0.1],<0.1 [<0.1 - <0.1],<0.1 [<0.1 - <0.1],<0.1 [<0.1 - <0.1],<0.1 [<0.1 - <0.1],<0.1 [<0.1 - <0.1],<0.1 [<0.1 - <0.1],<0.1 [<0.1 - <0.1],<0.1 [<0.1 - <0.1],<0.1 [<0.1 - <0.1],<0.1 [<0.1 - <0.1],<0.1 [<0.1 - <0.1],<0.1 [<0.1 - <0.1],<0.1 [<0.1 - <0.1],<0.1 [<0.1 - <0.1],<0.1 [<0.1 - 0.1],0.1 [0.1 - 0.1],0.1 [0.1 - 0.1],0.1 [0.1 - 0.2],0.2 [0.2 - 0.2],0.2 [0.2 - 0.2],0.2 [0.2 - 0.2],0.3 [0.2 - 0.3]
CÃ´te d'Ivoire,2.9 [2.4 - 3.7],3.3 [2.8 - 4.2],3.7 [3.2 - 4.7],4.2 [3.5 - 5.1],4.5 [3.9 - 5.5],4.9 [4.2 - 5.8],5.1 [4.5 - 6.0],5.3 [4.7 - 6.2],5.5 [4.8 - 6.2],5.5 [4.9 - 6.2],5.5 [4.9 - 6.2],5.4 [4.9 - 6.1],5.3 [4.8 - 5.9],5.2 [4.7 - 5.7],5.0 [4.5 - 5.4],4.8 [4.4 - 5.2],4.6 [4.2 - 5.0],4.4 [4.0 - 4.8],4.2 [3.9 - 4.6],4.1 [3.8 - 4.4],4.0 [3.6 - 4.3],3.8 [3.5 - 4.2],3.7 [3.4 - 4.0],3.6 [3.3 - 3.9],3.5 [3.2 - 3.8]
Democratic Republic of the Congo,1.6 [1.4 - 1.8],1.7 [1.5 - 1.9],1.7 [1.5 - 1.9],1.8 [1.6 - 2.0],1.8 [1.6 - 2.0],1.8 [1.6 - 2.0],1.8 [1.6 - 2.0],1.8 [1.6 - 1.9],1.8 [1.6 - 1.9],1.7 [1.5 - 1.9],1.7 [1.5 - 1.8],1.6 [1.5 - 1.8],1.6 [1.4 - 1.7],1.5 [1.4 - 1.7],1.5 [1.3 - 1.6],1.4 [1.3 - 1.6],1.4 [1.2 - 1.5],1.3 [1.2 - 1.5],1.3 [1.2 - 1.4],1.2 [1.1 - 1.4],1.2 [1.1 - 1.3],1.2 [1.0 - 1.3],1.1 [1.0 - 1.2],1.1 [1.0 - 1.2],1.0 [0.9 - 1.2]
Denmark,<0.1 [<0.1 - <0.1],<0.1 [<0.1 - <0.1],<0.1 [<0.1 - <0.1],<0.1 [<0.1 - 0.1],<0.1 [<0.1 - 0.1],<0.1 [<0.1 - 0.1],<0.1 [<0.1 - 0.1],<0.1 [<0.1 - 0.1],<0.1 [<0.1 - 0.1],0.1 [<0.1 - 0.1],0.1 [<0.1 - 0.1],0.1 [<0.1 - 0.1],0.1 [<0.1 - 0.2],0.1 [<0.1 - 0.2],0.1 [<0.1 - 0.2],0.1 [0.1 - 0.2],0.1 [0.1 - 0.2],0.1 [0.1 - 0.2],0.1 [0.1 - 0.2],0.1 [0.1 - 0.2],0.2 [0.1 - 0.2],0.2 [0.1 - 0.2],0.2 [0.1 - 0.2],0.2 [0.1 - 0.2],0.2 [0.1 - 0.2]
Djibouti,0.3 [0.1 - 0.4],0.4 [0.2 - 0.7],0.6 [0.4 - 1.0],0.9 [0.6 - 1.5],1.3 [0.9 - 2.0],1.7 [1.2 - 2.5],2.1 [1.5 - 2.9],2.4 [1.8 - 3.4],2.7 [2.1 - 3.7],2.9 [2.2 - 3.9],3.0 [2.3 - 3.9],3.0 [2.3 - 3.9],2.9 [2.3 - 3.8],2.8 [2.2 - 3.6],2.6 [2.0 - 3.4],2.4 [1.9 - 3.2],2.3 [1.8 - 3.0],2.1 [1.6 - 2.8],2.0 [1.5 - 2.7],1.9 [1.5 - 2.6],1.8 [1.4 - 2.4],1.7 [1.3 - 2.4],1.7 [1.3 - 2.3],1.6 [1.2 - 2.2],1.6 [1.2 - 2.2]
Dominican Republic,0.5 [0.3 - 0.7],0.6 [0.4 - 0.9],0.8 [0.6 - 1.2],1.0 [0.7 - 1.5],1.2 [0.8 - 1.8],1.4 [1.0 - 2.1],1.6 [1.2 - 2.3],1.8 [1.3 - 2.5],1.9 [1.4 - 2.6],1.9 [1.4 - 2.7],2.0 [1.5 - 2.8],1.9 [1.5 - 2.7],1.9 [1.4 - 2.7],1.8 [1.4 - 2.6],1.7 [1.3 - 2.5],1.6 [1.2 - 2.3],1.5 [1.2 - 2.2],1.4 [1.1 - 2.1],1.4 [1.1 - 2.0],1.3 [1.0 - 1.8],1.2 [1.0 - 1.8],1.2 [0.9 - 1.7],1.1 [0.9 - 1.6],1.1 [0.8 - 1.5],1.0 [0.8 - 1.5]
Ecuador,0.1 [<0.1 - 0.3],0.2 [<0.1 - 0.4],0.2 [<0.1 - 0.4],0.3 [<0.1 - 0.5],0.3 [0.1 - 0.6],0.4 [0.2 - 0.6],0.4 [0.2 - 0.6],0.4 [0.2 - 0.6],0.4 [0.3 - 0.6],0.4 [0.3 - 0.6],0.4 [0.3 - 0.6],0.4 [0.3 - 0.6],0.4 [0.3 - 0.6],0.4 [0.3 - 0.5],0.4 [0.3 - 0.5],0.4 [0.3 - 0.5],0.4 [0.3 - 0.5],0.3 [0.3 - 0.4],0.3 [0.3 - 0.4],0.3 [0.3 - 0.4],0.3 [0.3 - 0.4],0.3 [0.3 - 0.4],0.3 [0.3 - 0.4],0.3 [0.3 - 0.4],0.3 [0.3 - 0.4]
Egypt,<0.1 [<0.1 - <0.1],<0.1 [<0.1 - <0.1],<0.1 [<0.1 - <0.1],<0.1 [<0.1 - <0.1],<0.1 [<0.1 - <0.1],<0.1 [<0.1 - <0.1],<0.1 [<0.1 - <0.1],<0.1 [<0.1 - <0.1],<0.1 [<0.1 - <0.1],<0.1 [<0.1 - <0.1],<0.1 [<0.1 - <0.1],<0.1 [<0.1 - <0.1],<0.1 [<0.1 - <0.1],<0.1 [<0.1 - <0.1],<0.1 [<0.1 - <0.1],<0.1 [<0.1 - <0.1],<0.1 [<0.1 - <0.1],<0.1 [<0.1 - <0.1],<0.1 [<0.1 - <0.1],<0.1 [<0.1 - <0.1],<0.1 [<0.1 - <0.1],<0.1 [<0.1 - <0.1],<0.1 [<0.1 - <0.1],<0.1 [<0.1 - <0.1],<0.1 [<0.1 - <0.1]
El Salvador,0.2 [<0.1 - 0.2],0.2 [0.1 - 0.3],0.2 [0.1 - 0.3],0.2 [0.1 - 0.3],0.3 [0.2 - 0.4],0.3 [0.2 - 0.4],0.3 [0.2 - 0.4],0.4 [0.2 - 0.5],0.4 [0.3 - 0.5],0.4 [0.3 - 0.6],0.5 [0.3 - 0.6],0.5 [0.4 - 0.6],0.5 [0.4 - 0.6],0.5 [0.4 - 0.6],0.5 [0.4 - 0.7],0.6 [0.4 - 0.7],0.6 [0.4 - 0.7],0.6 [0.4 - 0.7],0.6 [0.4 - 0.7],0.6 [0.4 - 0.8],0.6 [0.4 - 0.8],0.6 [0.3 - 0.8],0.6 [0.3 - 0.8],0.5 [0.3 - 0.8],0.5 [0.3 - 0.8]
Equatorial Guinea,<0.1 [<0.1 - 0.1],0.1 [<0.1 - 0.1],0.1 [0.1 - 0.2],0.2 [0.2 - 0.2],0.3 [0.2 - 0.3],0.4 [0.3 - 0.4],0.5 [0.5 - 0.6],0.7 [0.6 - 0.7],0.9 [0.8 - 1.0],1.2 [1.1 - 1.2],1.5 [1.4 - 1.6],1.9 [1.8 - 1.9],2.3 [2.3 - 2.4],2.8 [2.7 - 2.9],3.3 [3.3 - 3.4],3.9 [3.8 - 3.9],4.4 [4.3 - 4.5],4.9 [4.8 - 5.0],5.4 [5.2 - 5.5],5.7 [5.5 - 5.9],6.1 [5.8 - 6.3],6.2 [5.9 - 6.5],6.3 [6.0 - 6.6],6.3 [5.9 - 6.6],6.2 [5.7 - 6.5]
Eritrea,0.5 [0.2 - 1.6],0.8 [0.3 - 1.9],1.0 [0.5 - 2.3],1.2 [0.6 - 2.6],1.4 [0.8 - 2.9],1.6 [0.9 - 3.1],1.8 [1.1 - 3.2],1.8 [1.2 - 3.2],1.9 [1.2 - 3.2],1.9 [1.2 - 3.0],1.8 [1.2 - 2.9],1.7 [1.2 - 2.8],1.6 [1.2 - 2.6],1.5 [1.1 - 2.4],1.4 [1.0 - 2.1],1.3 [0.9 - 1.9],1.2 [0.8 - 1.7],1.1 [0.8 - 1.6],1.0 [0.7 - 1.5],0.9 [0.7 - 1.4],0.9 [0.6 - 1.3],0.8 [0.6 - 1.2],0.8 [0.6 - 1.1],0.7 [0.5 - 1.0],0.7 [0.5 - 1.0]
Ethiopia,1.3 [0.9 - 2.0],1.7 [1.2 - 2.4],2.1 [1.5 - 2.9],2.5 [1.9 - 3.3],2.8 [2.2 - 3.6],3.1 [2.4 - 3.9],3.3 [2.7 - 4.0],3.4 [2.8 - 4.1],3.4 [2.9 - 4.0],3.4 [2.9 - 3.9],3.2 [2.8 - 3.8],3.1 [2.7 - 3.5],2.8 [2.5 - 3.3],2.6 [2.3 - 3.0],2.4 [2.1 - 2.7],2.1 [1.9 - 2.4],1.9 [1.7 - 2.2],1.7 [1.5 - 2.0],1.6 [1.4 - 1.8],1.5 [1.3 - 1.7],1.4 [1.2 - 1.6],1.3 [1.1 - 1.5],1.3 [1.1 - 1.4],1.2 [1.0 - 1.4],1.2 [1.0 - 1.5]
Fiji,<0.1 [<0.1 - <0.1],<0.1 [<0.1 - <0.1],<0.1 [<0.1 - <0.1],<0.1 [<0.1 - <0.1],<0.1 [<0.1 - <0.1],<0.1 [<0.1 - <0.1],<0.1 [<0.1 - <0.1],<0.1 [<0.1 - <0.1],<0.1 [<0.1 - <0.1],<0.1 [<0.1 - <0.1],<0.1 [<0.1 - 0.1],<0.1 [<0.1 - 0.1],<0.1 [<0.1 - 0.1],<0.1 [<0.1 - 0.1],<0.1 [<0.1 - 0.1],<0.1 [<0.1 - 0.1],<0.1 [<0.1 - 0.1],<0.1 [<0.1 - 0.1],<0.1 [<0.1 - 0.1],<0.1 [<0.1 - 0.1],<0.1 [<0.1 - 0.1],<0.1 [<0.1 - 0.2],0.1 [<0.1 - 0.2],0.1 [<0.1 - 0.2],0.1 [<0.1 - 0.2]
Gabon,1.2 [0.9 - 1.5],1.5 [1.2 - 1.9],1.9 [1.5 - 2.3],2.3 [1.9 - 2.9],2.8 [2.3 - 3.4],3.3 [2.8 - 4.1],3.8 [3.2 - 4.6],4.3 [3.7 - 5.2],4.8 [4.1 - 5.8],5.2 [4.5 - 6.3],5.5 [4.8 - 6.6],5.7 [5.0 - 6.8],5.9 [5.1 - 6.9],5.9 [5.1 - 6.9],5.8 [5.1 - 6.9],5.7 [5.0 - 6.8],5.6 [4.9 - 6.6],5.5 [4.8 - 6.3],5.2 [4.6 - 6.1],5.0 [4.4 - 5.8],4.7 [4.2 - 5.4],4.5 [3.9 - 5.1],4.3 [3.7 - 4.9],4.1 [3.6 - 4.6],3.9 [3.4 - 4.5]
Gambia,0.1 [<0.1 - 0.2],0.2 [0.1 - 0.3],0.3 [0.2 - 0.4],0.4 [0.2 - 0.5],0.5 [0.3 - 0.7],0.6 [0.4 - 0.8],0.8 [0.6 - 1.0],0.9 [0.7 - 1.3],1.1 [0.9 - 1.5],1.3 [1.0 - 1.7],1.5 [1.2 - 2.0],1.7 [1.3 - 2.2],1.8 [1.4 - 2.3],1.9 [1.5 - 2.5],2.0 [1.6 - 2.6],2.1 [1.6 - 2.7],2.1 [1.7 - 2.7],2.1 [1.7 - 2.7],2.1 [1.7 - 2.6],2.1 [1.6 - 2.6],2.0 [1.6 - 2.5],2.0 [1.6 - 2.4],1.9 [1.5 - 2.4],1.9 [1.5 - 2.3],1.8 [1.4 - 2.3]
Georgia,<0.1 [<0.1 - <0.1],<0.1 [<0.1 - <0.1],<0.1 [<0.1 - <0.1],<0.1 [<0.1 - <0.1],<0.1 [<0.1 - <0.1],<0.1 [<0.1 - <0.1],<0.1 [<0.1 - <0.1],<0.1 [<0.1 - <0.1],<0.1 [<0.1 - <0.1],<0.1 [<0.1 - <0.1],<0.1 [<0.1 - <0.1],<0.1 [<0.1 - <0.1],<0.1 [<0.1 - <0.1],<0.1 [<0.1 - 0.1],<0.1 [<0.1 - 0.1],0.1 [<0.1 - 0.1],0.1 [<0.1 - 0.2],0.1 [0.1 - 0.2],0.1 [0.1 - 0.2],0.2 [0.1 - 0.2],0.2 [0.1 - 0.2],0.2 [0.2 - 0.3],0.2 [0.2 - 0.3],0.3 [0.2 - 0.3],0.3 [0.2 - 0.4]
Ghana,1.3 [0.7 - 1.9],1.4 [0.9 - 2.1],1.6 [1.1 - 2.3],1.8 [1.2 - 2.5],1.9 [1.4 - 2.6],2.1 [1.5 - 2.8],2.2 [1.7 - 2.9],2.3 [1.7 - 2.9],2.3 [1.8 - 2.9],2.3 [1.8 - 2.9],2.3 [1.8 - 2.9],2.3 [1.8 - 2.9],2.2 [1.8 - 2.8],2.2 [1.7 - 2.7],2.1 [1.7 - 2.6],2.0 [1.6 - 2.6],1.9 [1.5 - 2.5],1.9 [1.5 - 2.4],1.8 [1.4 - 2.3],1.7 [1.4 - 2.2],1.7 [1.3 - 2.1],1.6 [1.3 - 2.1],1.6 [1.2 - 2.1],1.5 [1.2 - 2.0],1.5 [1.1 - 2.0]
Guatemala,<0.1 [<0.1 - <0.1],<0.1 [<0.1 - <0.1],<0.1 [<0.1 - <0.1],<0.1 [<0.1 - <0.1],<0.1 [<0.1 - 0.1],<0.1 [<0.1 - 0.2],0.1 [<0.1 - 0.3],0.2 [<0.1 - 0.4],0.3 [0.1 - 0.4],0.3 [0.2 - 0.5],0.4 [0.2 - 0.6],0.5 [0.3 - 0.7],0.5 [0.3 - 0.7],0.5 [0.3 - 0.8],0.6 [0.4 - 0.8],0.6 [0.4 - 0.8],0.6 [0.4 - 0.8],0.6 [0.4 - 0.8],0.6 [0.4 - 0.8],0.6 [0.4 - 0.8],0.6 [0.4 - 0.8],0.6 [0.4 - 0.8],0.6 [0.4 - 0.8],0.5 [0.4 - 0.8],0.5 [0.4 - 0.8]
Guinea,0.7 [0.4 - 0.8],0.9 [0.6 - 1.1],1.1 [0.7 - 1.4],1.3 [0.9 - 1.7],1.5 [1.1 - 1.9],1.7 [1.2 - 2.2],1.8 [1.3 - 2.3],1.9 [1.4 - 2.4],1.9 [1.5 - 2.4],1.9 [1.5 - 2.3],1.9 [1.5 - 2.3],1.9 [1.5 - 2.2],1.8 [1.5 - 2.1],1.8 [1.5 - 2.1],1.7 [1.5 - 2.0],1.7 [1.4 - 1.9],1.6 [1.4 - 1.9],1.6 [1.4 - 1.9],1.6 [1.4 - 1.8],1.6 [1.4 - 1.8],1.6 [1.4 - 1.8],1.6 [1.4 - 1.8],1.6 [1.4 - 1.8],1.6 [1.4 - 1.8],1.6 [1.4 - 1.8]
Guinea-Bissau,0.3 [0.2 - 0.4],0.4 [0.2 - 0.5],0.5 [0.3 - 0.7],0.6 [0.4 - 0.8],0.7 [0.5 - 1.0],0.9 [0.7 - 1.3],1.1 [0.8 - 1.5],1.4 [1.0 - 1.8],1.6 [1.3 - 2.0],1.9 [1.5 - 2.4],2.2 [1.8 - 2.7],2.5 [2.1 - 3.0],2.8 [2.3 - 3.3],3.0 [2.6 - 3.6],3.3 [2.8 - 3.8],3.5 [3.0 - 4.0],3.6 [3.2 - 4.1],3.7 [3.3 - 4.2],3.8 [3.4 - 4.2],3.9 [3.5 - 4.3],3.9 [3.5 - 4.3],3.9 [3.5 - 4.2],3.8 [3.5 - 4.2],3.8 [3.4 - 4.1],3.7 [3.3 - 4.1]
Guyana,<0.1 [<0.1 - <0.1],<0.1 [<0.1 - <0.1],<0.1 [<0.1 - <0.1],<0.1 [<0.1 - 0.1],<0.1 [<0.1 - 0.1],0.1 [<0.1 - 0.2],0.2 [<0.1 - 0.3],0.2 [0.2 - 0.4],0.3 [0.2 - 0.5],0.5 [0.3 - 0.7],0.6 [0.4 - 0.9],0.8 [0.5 - 1.1],0.9 [0.6 - 1.3],1.0 [0.7 - 1.5],1.1 [0.8 - 1.6],1.2 [0.9 - 1.8],1.3 [0.9 - 1.9],1.4 [1.0 - 2.0],1.4 [1.0 - 2.1],1.5 [1.0 - 2.2],1.5 [1.1 - 2.2],1.6 [1.1 - 2.4],1.6 [1.1 - 2.5],1.7 [1.2 - 2.7],1.8 [1.2 - 2.9]
Haiti,1.9 [1.1 - 3.2],2.2 [1.4 - 3.5],2.6 [1.7 - 3.8],2.9 [2.1 - 4.0],3.1 [2.4 - 4.2],3.3 [2.6 - 4.2],3.4 [2.8 - 4.2],3.4 [2.9 - 4.1],3.4 [3.0 - 3.9],3.4 [3.0 - 3.7],3.2 [3.0 - 3.5],3.1 [2.9 - 3.3],2.9 [2.8 - 3.1],2.8 [2.7 - 2.9],2.6 [2.5 - 2.7],2.4 [2.4 - 2.5],2.3 [2.3 - 2.4],2.2 [2.2 - 2.3],2.2 [2.1 - 2.2],2.1 [2.1 - 2.2],2.1 [2.0 - 2.1],2.0 [2.0 - 2.1],2.0 [1.9 - 2.0],2.0 [1.9 - 2.0],1.9 [1.9 - 2.0]
Honduras,1.0 [0.7 - 1.5],1.2 [0.8 - 1.6],1.3 [0.9 - 1.8],1.4 [1.0 - 1.8],1.4 [1.1 - 1.8],1.5 [1.1 - 1.9],1.4 [1.1 - 1.8],1.4 [1.1 - 1.8],1.4 [1.1 - 1.7],1.3 [1.1 - 1.6],1.2 [1.0 - 1.4],1.1 [0.9 - 1.3],1.0 [0.9 - 1.2],0.9 [0.8 - 1.1],0.8 [0.7 - 1.0],0.8 [0.7 - 0.9],0.7 [0.6 - 0.8],0.7 [0.6 - 0.8],0.6 [0.5 - 0.7],0.6 [0.5 - 0.7],0.5 [0.5 - 0.6],0.5 [0.4 - 0.6],0.5 [0.4 - 0.5],0.4 [0.4 - 0.5],0.4 [0.4 - 0.5]
Indonesia,<0.1 [<0.1 - <0.1],<0.1 [<0.1 - <0.1],<0.1 [<0.1 - <0.1],<0.1 [<0.1 - <0.1],<0.1 [<0.1 - <0.1],<0.1 [<0.1 - <0.1],<0.1 [<0.1 - <0.1],<0.1 [<0.1 - <0.1],<0.1 [<0.1 - <0.1],<0.1 [<0.1 - <0.1],<0.1 [<0.1 - <0.1],<0.1 [<0.1 - <0.1],<0.1 [<0.1 - <0.1],0.1 [0.1 - 0.1],0.2 [0.1 - 0.2],0.2 [0.2 - 0.2],0.2 [0.2 - 0.3],0.3 [0.2 - 0.3],0.3 [0.3 - 0.4],0.3 [0.3 - 0.4],0.4 [0.3 - 0.4],0.4 [0.3 - 0.5],0.4 [0.4 - 0.5],0.5 [0.4 - 0.5],0.5 [0.4 - 0.5]
Iran (Islamic Republic of),<0.1 [<0.1 - <0.1],<0.1 [<0.1 - <0.1],<0.1 [<0.1 - <0.1],<0.1 [<0.1 - <0.1],<0.1 [<0.1 - <0.1],<0.1 [<0.1 - <0.1],<0.1 [<0.1 - <0.1],<0.1 [<0.1 - <0.1],<0.1 [<0.1 - <0.1],<0.1 [<0.1 - <0.1],<0.1 [<0.1 - 0.1],<0.1 [<0.1 - 0.1],<0.1 [<0.1 - 0.1],<0.1 [<0.1 - 0.1],<0.1 [<0.1 - 0.1],<0.1 [<0.1 - 0.1],<0.1 [<0.1 - 0.2],0.1 [<0.1 - 0.2],0.1 [<0.1 - 0.2],0.1 [<0.1 - 0.2],0.1 [<0.1 - 0.2],0.1 [<0.1 - 0.2],0.1 [<0.1 - 0.2],0.1 [<0.1 - 0.2],0.1 [<0.1 - 0.2]
Ireland,<0.1 [<0.1 - <0.1],<0.1 [<0.1 - <0.1],<0.1 [<0.1 - <0.1],<0.1 [<0.1 - <0.1],<0.1 [<0.1 - <0.1],<0.1 [<0.1 - <0.1],<0.1 [<0.1 - <0.1],<0.1 [<0.1 - 0.1],<0.1 [<0.1 - 0.1],0.1 [<0.1 - 0.1],0.1 [<0.1 - 0.2],0.1 [0.1 - 0.2],0.1 [0.1 - 0.2],0.2 [0.1 - 0.2],0.2 [0.1 - 0.2],0.2 [0.1 - 0.2],0.2 [0.2 - 0.3],0.2 [0.2 - 0.3],0.2 [0.2 - 0.3],0.2 [0.2 - 0.3],0.2 [0.2 - 0.3],0.3 [0.2 - 0.3],0.3 [0.2 - 0.3],0.3 [0.2 - 0.4],0.3 [0.2 - 0.4]
Jamaica,1.0 [0.5 - 1.4],1.3 [0.8 - 1.7],1.6 [1.1 - 2.0],1.8 [1.4 - 2.2],1.9 [1.5 - 2.4],2.1 [1.7 - 2.5],2.2 [1.9 - 2.7],2.3 [2.0 - 2.8],2.4 [2.1 - 2.8],2.4 [2.1 - 2.9],2.4 [2.1 - 2.9],2.4 [2.1 - 2.9],2.3 [2.1 - 2.8],2.3 [2.0 - 2.8],2.2 [1.9 - 2.7],2.1 [1.9 - 2.6],2.1 [1.8 - 2.5],2.0 [1.7 - 2.5],1.9 [1.7 - 2.4],1.9 [1.6 - 2.3],1.8 [1.6 - 2.3],1.7 [1.5 - 2.2],1.7 [1.5 - 2.2],1.7 [1.4 - 2.1],1.6 [1.4 - 2.1]
Kazakhstan,<0.1 [<0.1 - <0.1],<0.1 [<0.1 - <0.1],<0.1 [<0.1 - <0.1],<0.1 [<0.1 - <0.1],<0.1 [<0.1 - <0.1],<0.1 [<0.1 - <0.1],<0.1 [<0.1 - <0.1],<0.1 [<0.1 - <0.1],<0.1 [<0.1 - <0.1],<0.1 [<0.1 - <0.1],<0.1 [<0.1 - <0.1],<0.1 [<0.1 - 0.1],<0.1 [<0.1 - 0.1],<0.1 [<0.1 - 0.1],0.1 [<0.1 - 0.1],0.1 [<0.1 - 0.1],0.1 [<0.1 - 0.1],0.1 [0.1 - 0.1],0.1 [0.1 - 0.2],0.1 [0.1 - 0.2],0.1 [0.1 - 0.2],0.2 [0.1 - 0.2],0.2 [0.1 - 0.2],0.2 [0.2 - 0.2],0.2 [0.2 - 0.2]
Kenya,[4.9 - 7.4],[6.2 - 9.1],[7.4 - 10.6],[8.6 - 12.0],[9.5 - 12.9],[10.1 - 13.4],[10.3 - 13.6],[10.1 - 13.3],[9.8 - 12.8],[9.3 - 12.2],9.9 [8.7 - 11.4],9.2 [8.1 - 10.6],8.5 [7.5 - 9.8],7.9 [6.9 - 9.0],7.3 [6.4 - 8.4],6.8 [5.9 - 7.8],6.4 [5.6 - 7.3],6.1 [5.4 - 7.0],5.9 [5.2 - 6.8],5.7 [5.0 - 6.6],5.6 [5.0 - 6.5],5.5 [4.9 - 6.4],5.5 [4.9 - 6.3],5.4 [4.8 - 6.2],5.3 [4.7 - 6.1]
Kyrgyzstan,<0.1 [<0.1 - <0.1],<0.1 [<0.1 - <0.1],<0.1 [<0.1 - <0.1],<0.1 [<0.1 - <0.1],<0.1 [<0.1 - <0.1],<0.1 [<0.1 - <0.1],<0.1 [<0.1 - <0.1],<0.1 [<0.1 - <0.1],<0.1 [<0.1 - <0.1],<0.1 [<0.1 - <0.1],<0.1 [<0.1 - <0.1],<0.1 [<0.1 - <0.1],<0.1 [<0.1 - <0.1],<0.1 [<0.1 - <0.1],<0.1 [<0.1 - <0.1],<0.1 [<0.1 - 0.1],0.1 [<0.1 - 0.1],0.1 [0.1 - 0.2],0.2 [0.1 - 0.2],0.2 [0.1 - 0.2],0.2 [0.2 - 0.3],0.2 [0.2 - 0.3],0.2 [0.2 - 0.3],0.2 [0.2 - 0.3],0.3 [0.2 - 0.3]
Lao People's Democratic Republic,<0.1 [<0.1 - <0.1],<0.1 [<0.1 - <0.1],<0.1 [<0.1 - <0.1],<0.1 [<0.1 - <0.1],<0.1 [<0.1 - <0.1],<0.1 [<0.1 - <0.1],<0.1 [<0.1 - <0.1],<0.1 [<0.1 - <0.1],<0.1 [<0.1 - <0.1],<0.1 [<0.1 - <0.1],<0.1 [<0.1 - <0.1],<0.1 [<0.1 - 0.1],0.1 [0.1 - 0.1],0.1 [0.1 - 0.2],0.2 [0.1 - 0.2],0.2 [0.2 - 0.2],0.2 [0.2 - 0.2],0.2 [0.2 - 0.3],0.2 [0.2 - 0.3],0.2 [0.2 - 0.3],0.3 [0.2 - 0.3],0.3 [0.2 - 0.3],0.3 [0.2 - 0.3],0.3 [0.2 - 0.3],0.3 [0.2 - 0.3]
Lebanon,<0.1 [<0.1 - <0.1],<0.1 [<0.1 - <0.1],<0.1 [<0.1 - <0.1],<0.1 [<0.1 - <0.1],<0.1 [<0.1 - <0.1],<0.1 [<0.1 - <0.1],<0.1 [<0.1 - <0.1],<0.1 [<0.1 - <0.1],<0.1 [<0.1 - <0.1],<0.1 [<0.1 - <0.1],<0.1 [<0.1 - <0.1],<0.1 [<0.1 - <0.1],<0.1 [<0.1 - <0.1],<0.1 [<0.1 - <0.1],<0.1 [<0.1 - <0.1],<0.1 [<0.1 - <0.1],<0.1 [<0.1 - <0.1],<0.1 [<0.1 - 0.1],<0.1 [<0.1 - 0.1],<0.1 [<0.1 - 0.1],<0.1 [<0.1 - 0.1],<0.1 [<0.1 - 0.1],<0.1 [<0.1 - 0.1],<0.1 [<0.1 - 0.1],<0.1 [<0.1 - 0.1]
Lesotho,1.2 [0.8 - 1.8],2.3 [1.7 - 3.1],4.0 [3.3 - 5.0],6.8 [5.9 - 7.9],10.3 [9.1 - 12.0],14.2 [12.5 - 16.2],17.6 [15.6 - 19.6],19.9 [18.1 - 21.7],21.3 [19.7 - 22.8],22.1 [20.7 - 23.4],22.5 [21.3 - 23.8],22.7 [21.5 - 24.0],22.8 [21.6 - 24.0],22.8 [21.7 - 24.1],22.9 [21.7 - 24.1],22.9 [21.8 - 24.1],23.0 [21.8 - 24.2],23.1 [21.9 - 24.3],23.2 [22.0 - 24.4],23.2 [22.1 - 24.5],23.3 [22.1 - 24.6],23.4 [22.2 - 24.7],23.4 [22.2 - 24.8],23.4 [22.1 - 24.8],23.4 [22.1 - 24.8]
Liberia,0.5 [0.3 - 0.7],0.7 [0.5 - 0.9],0.9 [0.6 - 1.2],1.1 [0.8 - 1.5],1.3 [1.0 - 1.8],1.6 [1.2 - 2.1],1.8 [1.4 - 2.3],2.0 [1.5 - 2.6],2.1 [1.7 - 2.7],2.2 [1.8 - 2.8],2.3 [1.9 - 2.9],2.3 [2.0 - 2.8],2.3 [2.0 - 2.8],2.3 [1.9 - 2.7],2.2 [1.9 - 2.5],2.1 [1.8 - 2.4],1.9 [1.7 - 2.2],1.8 [1.6 - 2.1],1.7 [1.5 - 1.9],1.6 [1.4 - 1.8],1.5 [1.3 - 1.7],1.4 [1.2 - 1.6],1.3 [1.2 - 1.5],1.2 [1.1 - 1.4],1.2 [1.0 - 1.3]
Madagascar,0.1 [<0.1 - 0.1],0.2 [0.1 - 0.2],0.2 [0.2 - 0.3],0.3 [0.2 - 0.3],0.3 [0.3 - 0.4],0.4 [0.3 - 0.5],0.5 [0.4 - 0.6],0.5 [0.4 - 0.6],0.5 [0.4 - 0.6],0.5 [0.4 - 0.7],0.5 [0.4 - 0.7],0.5 [0.4 - 0.6],0.5 [0.4 - 0.6],0.5 [0.4 - 0.6],0.5 [0.4 - 0.6],0.5 [0.4 - 0.5],0.4 [0.4 - 0.5],0.4 [0.4 - 0.5],0.4 [0.3 - 0.5],0.4 [0.3 - 0.4],0.4 [0.3 - 0.4],0.3 [0.3 - 0.4],0.3 [0.3 - 0.4],0.3 [0.3 - 0.3],0.3 [0.3 - 0.3]
Malawi,8.8 [7.4 - 10.7],10.4 [8.9 - 12.2],11.9 [10.4 - 13.6],13.2 [11.8 - 14.8],14.3 [13.0 - 15.7],15.2 [14.0 - 16.5],15.9 [14.7 - 17.2],16.4 [15.2 - 17.6],16.7 [15.6 - 17.8],16.8 [15.6 - 17.8],16.6 [15.6 - 17.7],16.3 [15.3 - 17.3],15.9 [14.9 - 16.8],15.3 [14.4 - 16.2],14.7 [13.8 - 15.6],14.1 [13.2 - 14.9],13.5 [12.7 - 14.3],13.0 [12.2 - 13.8],12.5 [11.7 - 13.3],12.1 [11.3 - 12.8],11.7 [10.9 - 12.4],11.3 [10.5 - 12.0],10.9 [10.1 - 11.6],10.5 [9.7 - 11.2],10.0 [9.3 - 10.8]
Malaysia,<0.1 [<0.1 - 0.1],0.3 [0.3 - 0.3],0.5 [0.4 - 0.5],0.5 [0.5 - 0.6],0.6 [0.6 - 0.7],0.7 [0.6 - 0.7],0.7 [0.7 - 0.8],0.8 [0.7 - 0.8],0.8 [0.7 - 0.8],0.8 [0.7 - 0.9],0.8 [0.7 - 0.9],0.8 [0.7 - 0.8],0.8 [0.7 - 0.8],0.7 [0.7 - 0.8],0.7 [0.7 - 0.8],0.7 [0.6 - 0.8],0.7 [0.6 - 0.8],0.7 [0.6 - 0.7],0.6 [0.6 - 0.7],0.6 [0.5 - 0.7],0.6 [0.5 - 0.6],0.5 [0.5 - 0.6],0.5 [0.5 - 0.6],0.5 [0.4 - 0.5],0.5 [0.4 - 0.5]
Mali,1.6 [0.5 - 3.5],1.9 [0.7 - 3.7],2.0 [0.8 - 3.7],2.2 [0.9 - 3.8],2.2 [1.1 - 3.6],2.2 [1.2 - 3.5],2.2 [1.2 - 3.2],2.1 [1.3 - 3.0],2.0 [1.3 - 2.8],1.9 [1.3 - 2.5],1.8 [1.3 - 2.3],1.7 [1.2 - 2.2],1.6 [1.2 - 2.0],1.5 [1.2 - 1.9],1.4 [1.1 - 1.8],1.4 [1.1 - 1.7],1.4 [1.1 - 1.7],1.4 [1.1 - 1.6],1.4 [1.1 - 1.6],1.4 [1.1 - 1.6],1.4 [1.2 - 1.6],1.4 [1.2 - 1.6],1.4 [1.2 - 1.7],1.4 [1.2 - 1.7],1.4 [1.2 - 1.7]
Mauritania,0.2 [<0.1 - 0.3],0.2 [0.1 - 0.4],0.3 [0.2 - 0.5],0.3 [0.2 - 0.6],0.4 [0.3 - 0.7],0.5 [0.3 - 0.8],0.6 [0.4 - 0.9],0.6 [0.5 - 0.9],0.7 [0.5 - 1.0],0.8 [0.6 - 1.1],0.8 [0.7 - 1.1],0.9 [0.7 - 1.1],0.9 [0.7 - 1.1],0.9 [0.8 - 1.1],0.9 [0.8 - 1.1],0.9 [0.8 - 1.1],0.9 [0.7 - 1.1],0.9 [0.7 - 1.0],0.8 [0.7 - 1.0],0.8 [0.7 - 1.0],0.8 [0.7 - 1.0],0.8 [0.6 - 0.9],0.7 [0.6 - 0.9],0.7 [0.6 - 0.9],0.7 [0.5 - 0.9]
Mauritius,<0.1 [<0.1 - <0.1],<0.1 [<0.1 - <0.1],<0.1 [<0.1 - 0.1],0.1 [<0.1 - 0.2],0.2 [0.1 - 0.3],0.3 [0.2 - 0.4],0.4 [0.3 - 0.5],0.5 [0.4 - 0.7],0.7 [0.5 - 0.8],0.8 [0.7 - 0.9],0.9 [0.8 - 1.0],1.0 [0.9 - 1.1],1.1 [0.9 - 1.2],1.1 [1.0 - 1.2],1.2 [1.1 - 1.3],1.2 [1.1 - 1.3],1.2 [1.1 - 1.3],1.2 [1.1 - 1.3],1.2 [1.1 - 1.3],1.1 [1.0 - 1.2],1.1 [1.0 - 1.2],1.1 [1.0 - 1.1],1.0 [0.9 - 1.1],1.0 [0.9 - 1.0],0.9 [0.8 - 1.0]
Mexico,0.7 [0.4 - 1.0],0.7 [0.4 - 1.0],0.7 [0.4 - 1.0],0.7 [0.5 - 1.0],0.7 [0.5 - 0.9],0.6 [0.5 - 0.9],0.6 [0.4 - 0.8],0.6 [0.4 - 0.8],0.6 [0.4 - 0.8],0.5 [0.4 - 0.7],0.5 [0.4 - 0.7],0.5 [0.4 - 0.6],0.4 [0.3 - 0.6],0.4 [0.3 - 0.5],0.4 [0.3 - 0.5],0.4 [0.3 - 0.5],0.3 [0.3 - 0.4],0.3 [0.2 - 0.4],0.3 [0.2 - 0.4],0.3 [0.2 - 0.4],0.3 [0.2 - 0.4],0.3 [0.2 - 0.3],0.2 [0.2 - 0.3],0.2 [0.2 - 0.3],0.2 [0.2 - 0.3]
Morocco,<0.1 [<0.1 - <0.1],<0.1 [<0.1 - <0.1],<0.1 [<0.1 - <0.1],<0.1 [<0.1 - <0.1],<0.1 [<0.1 - <0.1],<0.1 [<0.1 - <0.1],<0.1 [<0.1 - <0.1],<0.1 [<0.1 - <0.1],<0.1 [<0.1 - <0.1],<0.1 [<0.1 - <0.1],<0.1 [<0.1 - <0.1],<0.1 [<0.1 - 0.1],<0.1 [<0.1 - 0.1],<0.1 [<0.1 - 0.1],0.1 [<0.1 - 0.1],0.1 [<0.1 - 0.1],0.1 [<0.1 - 0.1],0.1 [<0.1 - 0.2],0.1 [<0.1 - 0.2],0.1 [<0.1 - 0.2],0.1 [<0.1 - 0.2],0.1 [<0.1 - 0.2],0.1 [<0.1 - 0.2],0.1 [<0.1 - 0.2],0.1 [<0.1 - 0.2]
Mozambique,1.6 [1.3 - 1.9],2.0 [1.7 - 2.4],2.5 [2.1 - 2.9],3.1 [2.6 - 3.6],3.7 [3.2 - 4.4],4.5 [3.9 - 5.3],5.3 [4.7 - 6.3],6.2 [5.5 - 7.3],7.1 [6.2 - 8.3],8.0 [7.0 - 9.3],8.9 [7.8 - 10.3],9.7 [8.5 - 11.1],10.3 [9.1 - 11.9],10.8 [9.5 - 12.4],11.2 [9.8 - 12.8],11.4 [10.0 - 13.1],11.5 [10.1 - 13.1],11.5 [10.1 - 13.2],11.4 [10.1 - 13.1],11.3 [10.0 - 13.0],11.2 [9.9 - 12.9],11.0 [9.7 - 12.7],10.9 [9.5 - 12.6],10.7 [9.4 - 12.7],10.6 [9.3 - 12.5]
Myanmar,0.1 [0.1 - 0.1],0.2 [0.2 - 0.2],0.3 [0.2 - 0.3],0.3 [0.3 - 0.4],0.4 [0.3 - 0.4],0.4 [0.4 - 0.5],0.5 [0.4 - 0.6],0.5 [0.5 - 0.6],0.6 [0.5 - 0.7],0.7 [0.6 - 0.8],0.7 [0.6 - 0.8],0.8 [0.7 - 0.9],0.8 [0.7 - 0.9],0.8 [0.7 - 1.0],0.9 [0.7 - 1.0],0.9 [0.7 - 1.0],0.8 [0.7 - 1.0],0.8 [0.7 - 0.9],0.8 [0.7 - 0.9],0.8 [0.7 - 0.9],0.8 [0.7 - 0.9],0.7 [0.6 - 0.9],0.7 [0.6 - 0.8],0.7 [0.6 - 0.8],0.7 [0.6 - 0.8]
Namibia,1.6 [1.4 - 2.0],2.5 [2.1 - 2.9],3.6 [3.1 - 4.2],5.1 [4.6 - 5.8],6.9 [6.3 - 7.6],8.9 [8.1 - 9.7],10.9 [10.0 - 11.8],12.7 [11.7 - 13.7],14.2 [13.2 - 15.2],15.3 [14.3 - 16.4],16.0 [14.9 - 17.1],16.3 [15.2 - 17.4],16.3 [15.3 - 17.4],16.1 [15.1 - 17.2],15.7 [14.8 - 16.7],15.3 [14.4 - 16.3],14.9 [14.0 - 15.9],14.6 [13.8 - 15.6],14.4 [13.6 - 15.4],14.4 [13.5 - 15.3],14.3 [13.5 - 15.3],14.2 [13.4 - 15.2],16.4 [15.4 - 17.6],16.2 [15.2 - 17.3],16.0 [14.9 - 17.2]
Nepal,<0.1 [<0.1 - <0.1],<0.1 [<0.1 - <0.1],<0.1 [<0.1 - <0.1],<0.1 [<0.1 - <0.1],<0.1 [<0.1 - <0.1],<0.1 [<0.1 - <0.1],<0.1 [<0.1 - <0.1],<0.1 [<0.1 - <0.1],0.1 [<0.1 - 0.1],0.2 [0.1 - 0.2],0.2 [0.2 - 0.3],0.3 [0.2 - 0.3],0.3 [0.3 - 0.3],0.3 [0.3 - 0.4],0.3 [0.3 - 0.4],0.3 [0.3 - 0.4],0.3 [0.3 - 0.4],0.3 [0.3 - 0.4],0.3 [0.3 - 0.4],0.3 [0.2 - 0.3],0.3 [0.2 - 0.3],0.3 [0.2 - 0.3],0.2 [0.2 - 0.3],0.2 [0.2 - 0.3],0.2 [0.2 - 0.2]
Nicaragua,0.2 [0.1 - 0.4],0.2 [0.1 - 0.5],0.3 [0.2 - 0.5],0.3 [0.2 - 0.5],0.3 [0.2 - 0.5],0.3 [0.2 - 0.5],0.4 [0.2 - 0.6],0.4 [0.3 - 0.6],0.4 [0.3 - 0.6],0.4 [0.3 - 0.6],0.4 [0.3 - 0.6],0.4 [0.3 - 0.6],0.4 [0.3 - 0.6],0.3 [0.3 - 0.5],0.3 [0.2 - 0.5],0.3 [0.2 - 0.5],0.3 [0.2 - 0.5],0.3 [0.2 - 0.4],0.3 [0.2 - 0.4],0.3 [0.2 - 0.4],0.3 [0.2 - 0.4],0.3 [0.2 - 0.4],0.3 [0.2 - 0.4],0.3 [0.2 - 0.4],0.3 [0.2 - 0.4]
Niger,0.3 [0.2 - 0.5],0.3 [0.2 - 0.5],0.4 [0.3 - 0.6],0.5 [0.4 - 0.7],0.6 [0.5 - 0.8],0.7 [0.6 - 0.9],0.8 [0.7 - 1.0],1.0 [0.8 - 1.2],1.1 [0.9 - 1.3],1.1 [1.0 - 1.3],1.2 [1.0 - 1.4],1.2 [1.1 - 1.4],1.2 [1.1 - 1.4],1.2 [1.1 - 1.4],1.2 [1.1 - 1.4],1.1 [1.0 - 1.3],1.0 [0.9 - 1.2],1.0 [0.8 - 1.1],0.9 [0.8 - 1.0],0.8 [0.7 - 0.9],0.7 [0.6 - 0.8],0.7 [0.6 - 0.7],0.6 [0.5 - 0.7],0.5 [0.5 - 0.6],0.5 [0.4 - 0.6]
Nigeria,1.2 [0.8 - 1.6],1.4 [0.9 - 1.9],1.6 [1.1 - 2.2],1.8 [1.3 - 2.5],2.1 [1.4 - 2.7],2.4 [1.6 - 3.0],2.6 [1.9 - 3.3],2.9 [2.1 - 3.5],3.1 [2.3 - 3.7],3.3 [2.5 - 3.9],3.5 [2.7 - 4.0],3.6 [2.9 - 4.1],3.6 [3.0 - 4.1],3.7 [3.1 - 4.1],3.7 [3.2 - 4.1],3.7 [3.2 - 4.1],3.7 [3.3 - 4.0],3.7 [3.3 - 4.0],3.6 [3.3 - 3.9],3.6 [3.3 - 3.9],3.5 [3.2 - 3.8],3.4 [3.1 - 3.7],3.4 [3.1 - 3.6],3.3 [3.0 - 3.5],3.2 [2.9 - 3.4]
Norway,<0.1 [<0.1 - <0.1],<0.1 [<0.1 - <0.1],<0.1 [<0.1 - <0.1],<0.1 [<0.1 - <0.1],<0.1 [<0.1 - <0.1],<0.1 [<0.1 - <0.1],<0.1 [<0.1 - <0.1],<0.1 [<0.1 - <0.1],<0.1 [<0.1 - <0.1],<0.1 [<0.1 - 0.1],<0.1 [<0.1 - 0.1],<0.1 [<0.1 - 0.1],<0.1 [<0.1 - 0.1],<0.1 [<0.1 - 0.1],0.1 [<0.1 - 0.1],0.1 [<0.1 - 0.1],0.1 [<0.1 - 0.2],0.1 [<0.1 - 0.2],0.1 [0.1 - 0.2],0.1 [0.1 - 0.2],0.1 [0.1 - 0.2],0.1 [0.1 - 0.2],0.1 [0.1 - 0.2],0.2 [0.1 - 0.2],0.2 [0.1 - 0.2]
Oman,<0.1 [<0.1 - 0.1],<0.1 [<0.1 - 0.1],<0.1 [<0.1 - 0.1],<0.1 [<0.1 - 0.1],<0.1 [<0.1 - 0.1],<0.1 [<0.1 - 0.1],<0.1 [<0.1 - 0.1],<0.1 [<0.1 - 0.1],<0.1 [<0.1 - 0.1],0.1 [<0.1 - 0.1],0.1 [<0.1 - 0.1],0.1 [<0.1 - 0.1],0.1 [<0.1 - 0.1],0.1 [<0.1 - 0.1],0.1 [<0.1 - 0.1],0.1 [<0.1 - 0.2],0.1 [<0.1 - 0.2],0.1 [<0.1 - 0.2],0.1 [<0.1 - 0.2],0.1 [0.1 - 0.2],0.1 [0.1 - 0.2],0.2 [0.1 - 0.2],0.2 [0.1 - 0.2],0.2 [0.1 - 0.2],0.2 [0.1 - 0.2]
Pakistan,<0.1 [<0.1 - <0.1],<0.1 [<0.1 - <0.1],<0.1 [<0.1 - <0.1],<0.1 [<0.1 - <0.1],<0.1 [<0.1 - <0.1],<0.1 [<0.1 - <0.1],<0.1 [<0.1 - <0.1],<0.1 [<0.1 - <0.1],<0.1 [<0.1 - <0.1],<0.1 [<0.1 - <0.1],<0.1 [<0.1 - <0.1],<0.1 [<0.1 - <0.1],<0.1 [<0.1 - <0.1],<0.1 [<0.1 - <0.1],<0.1 [<0.1 - <0.1],<0.1 [<0.1 - <0.1],<0.1 [<0.1 - <0.1],<0.1 [<0.1 - <0.1],<0.1 [<0.1 - <0.1],<0.1 [<0.1 - <0.1],<0.1 [<0.1 - <0.1],<0.1 [<0.1 - <0.1],<0.1 [<0.1 - 0.1],<0.1 [<0.1 - 0.1],<0.1 [<0.1 - 0.2]
Panama,0.2 [0.1 - 0.4],0.2 [0.1 - 0.5],0.3 [0.2 - 0.5],0.3 [0.2 - 0.5],0.4 [0.3 - 0.6],0.5 [0.4 - 0.7],0.6 [0.5 - 0.9],0.8 [0.6 - 1.0],0.9 [0.7 - 1.2],1.0 [0.8 - 1.3],1.1 [0.9 - 1.3],1.1 [0.9 - 1.4],1.1 [0.9 - 1.4],1.1 [0.9 - 1.4],1.1 [0.9 - 1.3],1.0 [0.8 - 1.2],0.9 [0.8 - 1.2],0.9 [0.7 - 1.1],0.8 [0.7 - 1.0],0.8 [0.6 - 1.0],0.7 [0.6 - 0.9],0.7 [0.6 - 0.9],0.7 [0.5 - 0.9],0.7 [0.5 - 0.9],0.6 [0.5 - 0.9]
Papua New Guinea,<0.1 [<0.1 - <0.1],<0.1 [<0.1 - 0.1],0.1 [<0.1 - 0.2],0.2 [0.1 - 0.3],0.3 [0.2 - 0.4],0.4 [0.2 - 0.5],0.5 [0.3 - 0.6],0.6 [0.4 - 0.7],0.6 [0.5 - 0.8],0.7 [0.6 - 0.9],0.8 [0.7 - 1.0],0.9 [0.8 - 1.0],0.9 [0.8 - 1.1],1.0 [0.8 - 1.1],1.0 [0.8 - 1.1],0.9 [0.8 - 1.0],0.9 [0.8 - 1.0],0.9 [0.8 - 1.0],0.8 [0.8 - 0.9],0.8 [0.7 - 0.9],0.8 [0.7 - 0.9],0.8 [0.7 - 0.8],0.7 [0.7 - 0.8],0.7 [0.7 - 0.8],0.7 [0.7 - 0.8]
Paraguay,<0.1 [<0.1 - 0.3],<0.1 [<0.1 - 0.3],<0.1 [<0.1 - 0.3],<0.1 [<0.1 - 0.3],<0.1 [<0.1 - 0.4],0.1 [<0.1 - 0.4],0.1 [<0.1 - 0.4],0.1 [<0.1 - 0.4],0.1 [<0.1 - 0.4],0.1 [<0.1 - 0.4],0.1 [<0.1 - 0.4],0.2 [<0.1 - 0.4],0.2 [0.1 - 0.4],0.2 [0.1 - 0.4],0.2 [0.1 - 0.4],0.2 [0.1 - 0.4],0.2 [0.2 - 0.4],0.2 [0.2 - 0.4],0.3 [0.2 - 0.5],0.3 [0.2 - 0.5],0.3 [0.2 - 0.5],0.3 [0.2 - 0.5],0.4 [0.3 - 0.7],0.4 [0.3 - 0.8],0.4 [0.3 - 0.8]
Peru,0.6 [0.5 - 0.7],0.6 [0.5 - 0.7],0.6 [0.5 - 0.7],0.6 [0.5 - 0.7],0.6 [0.5 - 0.7],0.6 [0.5 - 0.7],0.6 [0.5 - 0.7],0.6 [0.5 - 0.7],0.6 [0.5 - 0.6],0.6 [0.5 - 0.6],0.6 [0.5 - 0.6],0.5 [0.5 - 0.6],0.5 [0.5 - 0.6],0.5 [0.5 - 0.6],0.5 [0.4 - 0.6],0.5 [0.4 - 0.6],0.5 [0.4 - 0.5],0.4 [0.4 - 0.5],0.4 [0.4 - 0.5],0.4 [0.4 - 0.5],0.4 [0.3 - 0.5],0.4 [0.3 - 0.5],0.4 [0.3 - 0.4],0.4 [0.3 - 0.4],0.4 [0.3 - 0.4]
Philippines,<0.1 [<0.1 - <0.1],<0.1 [<0.1 - <0.1],<0.1 [<0.1 - <0.1],<0.1 [<0.1 - <0.1],<0.1 [<0.1 - <0.1],<0.1 [<0.1 - <0.1],<0.1 [<0.1 - <0.1],<0.1 [<0.1 - <0.1],<0.1 [<0.1 - <0.1],<0.1 [<0.1 - <0.1],<0.1 [<0.1 - <0.1],<0.1 [<0.1 - <0.1],<0.1 [<0.1 - <0.1],<0.1 [<0.1 - <0.1],<0.1 [<0.1 - <0.1],<0.1 [<0.1 - <0.1],<0.1 [<0.1 - <0.1],<0.1 [<0.1 - <0.1],<0.1 [<0.1 - <0.1],<0.1 [<0.1 - <0.1],<0.1 [<0.1 - <0.1],<0.1 [<0.1 - <0.1],<0.1 [<0.1 - <0.1],<0.1 [<0.1 - <0.1],<0.1 [<0.1 - <0.1]
Poland,<0.1 [<0.1 - <0.1],<0.1 [<0.1 - <0.1],<0.1 [<0.1 - <0.1],<0.1 [<0.1 - <0.1],<0.1 [<0.1 - <0.1],<0.1 [<0.1 - <0.1],<0.1 [<0.1 - <0.1],<0.1 [<0.1 - <0.1],<0.1 [<0.1 - <0.1],<0.1 [<0.1 - <0.1],<0.1 [<0.1 - <0.1],<0.1 [<0.1 - <0.1],<0.1 [<0.1 - <0.1],<0.1 [<0.1 - <0.1],<0.1 [<0.1 - <0.1],<0.1 [<0.1 - <0.1],<0.1 [<0.1 - <0.1],<0.1 [<0.1 - <0.1],<0.1 [<0.1 - <0.1],<0.1 [<0.1 - <0.1],<0.1 [<0.1 - <0.1],<0.1 [<0.1 - 0.1],<0.1 [<0.1 - 0.1],<0.1 [<0.1 - 0.1],<0.1 [<0.1 - 0.1]
Republic of Moldova,[<0.1 - <0.1],[<0.1 - <0.1],[<0.1 - <0.1],[<0.1 - 0.1],[<0.1 - 0.1],[<0.1 - 0.2],[<0.1 - 0.2],[0.1 - 0.2],[0.2 - 0.3],[0.2 - 0.3],0.3 [0.2 - 0.4],0.3 [0.2 - 0.4],0.3 [0.3 - 0.4],0.3 [0.3 - 0.4],0.4 [0.3 - 0.5],0.4 [0.3 - 0.5],0.4 [0.4 - 0.5],0.4 [0.4 - 0.5],0.5 [0.4 - 0.6],0.5 [0.4 - 0.6],0.5 [0.5 - 0.6],0.6 [0.5 - 0.7],0.6 [0.5 - 0.7],0.6 [0.5 - 0.7],0.6 [0.5 - 0.8]
Rwanda,3.8 [3.2 - 4.7],4.5 [3.9 - 5.4],5.2 [4.5 - 6.0],5.7 [5.0 - 6.6],6.1 [5.4 - 6.9],6.3 [5.6 - 7.1],6.3 [5.6 - 7.1],6.2 [5.6 - 6.9],6.0 [5.4 - 6.6],5.7 [5.2 - 6.3],5.3 [4.9 - 5.9],5.0 [4.5 - 5.5],4.6 [4.2 - 5.1],4.3 [3.9 - 4.7],3.9 [3.6 - 4.3],3.7 [3.4 - 4.0],3.5 [3.2 - 3.9],3.4 [3.1 - 3.7],3.3 [3.0 - 3.6],3.2 [2.9 - 3.5],3.1 [2.9 - 3.4],3.0 [2.8 - 3.3],3.0 [2.7 - 3.3],2.9 [2.6 - 3.2],2.8 [2.5 - 3.2]
Sao Tome and Principe,0.3 [<0.1 - 1.9],0.9 [0.1 - 3.1],1.2 [0.2 - 3.8],1.3 [0.4 - 4.0],1.4 [0.4 - 3.8],1.4 [0.5 - 3.7],1.5 [0.6 - 3.6],1.5 [0.7 - 3.5],1.6 [0.8 - 3.4],1.6 [0.9 - 3.3],1.7 [1.0 - 3.2],1.7 [1.0 - 3.1],1.7 [1.1 - 3.0],1.6 [1.1 - 2.8],1.6 [1.1 - 2.7],1.5 [1.1 - 2.5],1.4 [1.0 - 2.3],1.4 [1.0 - 2.2],1.3 [0.9 - 2.0],1.2 [0.9 - 1.8],1.1 [0.8 - 1.6],1.0 [0.7 - 1.5],0.9 [0.7 - 1.3],0.8 [0.6 - 1.2],0.8 [0.6 - 1.1]
Senegal,0.2 [0.1 - 0.3],0.2 [0.2 - 0.3],0.2 [0.2 - 0.3],0.3 [0.2 - 0.4],0.3 [0.2 - 0.4],0.4 [0.3 - 0.5],0.4 [0.3 - 0.5],0.5 [0.4 - 0.6],0.6 [0.5 - 0.7],0.7 [0.5 - 0.8],0.7 [0.6 - 0.9],0.8 [0.7 - 1.0],0.9 [0.7 - 1.1],0.9 [0.8 - 1.1],0.9 [0.8 - 1.1],0.9 [0.8 - 1.1],0.9 [0.8 - 1.1],0.8 [0.7 - 1.0],0.8 [0.7 - 0.9],0.7 [0.6 - 0.9],0.7 [0.6 - 0.8],0.7 [0.6 - 0.8],0.6 [0.5 - 0.7],0.6 [0.5 - 0.7],0.5 [0.4 - 0.6]
Sierra Leone,<0.1 [<0.1 - <0.1],<0.1 [<0.1 - <0.1],<0.1 [<0.1 - 0.1],<0.1 [<0.1 - 0.2],0.1 [<0.1 - 0.3],0.2 [0.1 - 0.4],0.3 [0.2 - 0.5],0.5 [0.3 - 0.7],0.6 [0.4 - 0.9],0.8 [0.6 - 1.0],1.0 [0.7 - 1.2],1.1 [0.9 - 1.4],1.3 [1.1 - 1.5],1.4 [1.2 - 1.7],1.6 [1.3 - 1.8],1.6 [1.4 - 1.9],1.7 [1.5 - 1.9],1.7 [1.5 - 1.9],1.7 [1.5 - 1.9],1.7 [1.5 - 1.9],1.6 [1.4 - 1.8],1.6 [1.4 - 1.7],1.5 [1.3 - 1.7],1.5 [1.3 - 1.6],1.4 [1.2 - 1.6]
Slovakia,<0.1 [<0.1 - <0.1],<0.1 [<0.1 - <0.1],<0.1 [<0.1 - <0.1],<0.1 [<0.1 - <0.1],<0.1 [<0.1 - <0.1],<0.1 [<0.1 - <0.1],<0.1 [<0.1 - <0.1],<0.1 [<0.1 - <0.1],<0.1 [<0.1 - <0.1],<0.1 [<0.1 - <0.1],<0.1 [<0.1 - <0.1],<0.1 [<0.1 - <0.1],<0.1 [<0.1 - <0.1],<0.1 [<0.1 - <0.1],<0.1 [<0.1 - <0.1],<0.1 [<0.1 - <0.1],<0.1 [<0.1 - <0.1],<0.1 [<0.1 - <0.1],<0.1 [<0.1 - <0.1],<0.1 [<0.1 - <0.1],<0.1 [<0.1 - <0.1],<0.1 [<0.1 - <0.1],<0.1 [<0.1 - <0.1],<0.1 [<0.1 - <0.1],<0.1 [<0.1 - <0.1]
Slovenia,<0.1 [<0.1 - <0.1],<0.1 [<0.1 - <0.1],<0.1 [<0.1 - <0.1],<0.1 [<0.1 - <0.1],<0.1 [<0.1 - <0.1],<0.1 [<0.1 - <0.1],<0.1 [<0.1 - <0.1],<0.1 [<0.1 - <0.1],<0.1 [<0.1 - <0.1],<0.1 [<0.1 - <0.1],<0.1 [<0.1 - <0.1],<0.1 [<0.1 - <0.1],<0.1 [<0.1 - <0.1],<0.1 [<0.1 - <0.1],<0.1 [<0.1 - <0.1],<0.1 [<0.1 - <0.1],<0.1 [<0.1 - <0.1],<0.1 [<0.1 - <0.1],<0.1 [<0.1 - <0.1],<0.1 [<0.1 - <0.1],<0.1 [<0.1 - <0.1],<0.1 [<0.1 - <0.1],<0.1 [<0.1 - <0.1],<0.1 [<0.1 - 0.1],<0.1 [<0.1 - 0.1]
Somalia,<0.1 [<0.1 - 0.4],0.1 [<0.1 - 0.4],0.2 [<0.1 - 0.5],0.3 [<0.1 - 0.6],0.3 [<0.1 - 0.7],0.4 [0.1 - 0.8],0.5 [0.2 - 0.9],0.6 [0.2 - 0.9],0.6 [0.3 - 1.0],0.7 [0.4 - 1.0],0.7 [0.4 - 1.0],0.7 [0.5 - 1.0],0.7 [0.5 - 1.0],0.7 [0.5 - 1.0],0.7 [0.5 - 1.0],0.7 [0.5 - 0.9],0.7 [0.5 - 0.9],0.7 [0.5 - 0.9],0.6 [0.5 - 0.8],0.6 [0.5 - 0.8],0.6 [0.5 - 0.8],0.6 [0.5 - 0.8],0.6 [0.5 - 0.7],0.6 [0.4 - 0.7],0.5 [0.4 - 0.7]
South Africa,0.4 [0.4 - 0.5],0.9 [0.8 - 1.1],1.8 [1.6 - 2.0],3.2 [2.9 - 3.5],4.9 [4.5 - 5.4],7.0 [6.5 - 7.7],9.2 [8.5 - 9.9],11.2 [10.5 - 12.0],13.0 [12.3 - 13.9],14.5 [13.8 - 15.3],15.7 [14.9 - 16.5],16.5 [15.7 - 17.3],17.1 [16.3 - 17.9],17.5 [16.7 - 18.4],17.8 [17.0 - 18.7],18.0 [17.1 - 18.8],18.1 [17.2 - 19.0],18.2 [17.3 - 19.1],18.3 [17.4 - 19.2],18.4 [17.5 - 19.3],18.4 [17.5 - 19.3],18.5 [17.5 - 19.4],18.6 [17.7 - 19.6],18.8 [17.8 - 19.8],18.9 [17.9 - 19.9]
South Sudan,0.2 [<0.1 - 1.2],0.3 [<0.1 - 1.6],0.4 [<0.1 - 2.0],0.6 [<0.1 - 2.2],0.8 [<0.1 - 2.1],1.0 [<0.1 - 2.0],1.2 [0.1 - 2.2],1.4 [0.2 - 2.4],1.7 [0.4 - 2.7],1.9 [0.5 - 2.9],2.1 [0.7 - 3.1],2.3 [0.9 - 3.3],2.4 [1.1 - 3.5],2.6 [1.4 - 3.7],2.7 [1.6 - 3.8],2.8 [1.8 - 3.8],2.8 [1.9 - 3.9],2.8 [2.0 - 3.9],2.8 [2.0 - 3.9],2.8 [2.0 - 3.9],2.8 [2.0 - 3.9],2.8 [2.0 - 3.9],2.8 [2.0 - 3.8],2.7 [1.9 - 3.8],2.7 [1.9 - 3.8]
Sri Lanka,<0.1 [<0.1 - <0.1],<0.1 [<0.1 - <0.1],<0.1 [<0.1 - <0.1],<0.1 [<0.1 - <0.1],<0.1 [<0.1 - <0.1],<0.1 [<0.1 - <0.1],<0.1 [<0.1 - <0.1],<0.1 [<0.1 - <0.1],<0.1 [<0.1 - <0.1],<0.1 [<0.1 - <0.1],<0.1 [<0.1 - <0.1],<0.1 [<0.1 - <0.1],<0.1 [<0.1 - <0.1],<0.1 [<0.1 - <0.1],<0.1 [<0.1 - <0.1],<0.1 [<0.1 - <0.1],<0.1 [<0.1 - <0.1],<0.1 [<0.1 - <0.1],<0.1 [<0.1 - <0.1],<0.1 [<0.1 - <0.1],<0.1 [<0.1 - <0.1],<0.1 [<0.1 - <0.1],<0.1 [<0.1 - <0.1],<0.1 [<0.1 - <0.1],<0.1 [<0.1 - <0.1]
Sudan,<0.1 [<0.1 - <0.1],<0.1 [<0.1 - 0.1],<0.1 [<0.1 - 0.1],<0.1 [<0.1 - 0.1],<0.1 [<0.1 - 0.2],<0.1 [<0.1 - 0.2],<0.1 [<0.1 - 0.2],<0.1 [<0.1 - 0.2],<0.1 [<0.1 - 0.2],0.1 [<0.1 - 0.2],0.1 [<0.1 - 0.2],0.1 [<0.1 - 0.3],0.2 [<0.1 - 0.3],0.2 [<0.1 - 0.3],0.2 [0.1 - 0.3],0.2 [0.1 - 0.3],0.2 [0.1 - 0.3],0.2 [0.1 - 0.3],0.2 [0.2 - 0.3],0.2 [0.2 - 0.3],0.2 [0.2 - 0.3],0.2 [0.2 - 0.3],0.2 [0.2 - 0.3],0.2 [0.2 - 0.3],0.2 [0.2 - 0.3]
Suriname,0.2 [<0.1 - 0.5],0.3 [<0.1 - 0.6],0.3 [0.1 - 0.7],0.4 [0.2 - 0.8],0.5 [0.3 - 0.8],0.6 [0.4 - 0.9],0.6 [0.5 - 0.9],0.7 [0.6 - 1.0],0.8 [0.7 - 1.1],0.9 [0.8 - 1.2],1.0 [0.8 - 1.3],1.1 [0.9 - 1.3],1.1 [1.0 - 1.3],1.2 [1.0 - 1.4],1.2 [1.1 - 1.3],1.2 [1.1 - 1.3],1.2 [1.1 - 1.3],1.1 [1.0 - 1.3],1.1 [1.0 - 1.2],1.1 [1.0 - 1.2],1.1 [1.0 - 1.2],1.1 [1.0 - 1.2],1.1 [1.0 - 1.2],1.0 [0.9 - 1.2],1.0 [0.9 - 1.1]
Swaziland,1.9 [1.6 - 2.2],3.6 [3.0 - 4.1],6.0 [5.1 - 6.8],8.9 [7.8 - 10.1],12.2 [10.8 - 13.7],15.5 [13.9 - 17.1],18.5 [16.8 - 20.1],20.9 [19.3 - 22.5],22.8 [21.2 - 24.4],24.2 [22.7 - 25.7],25.2 [23.7 - 26.6],25.9 [24.5 - 27.2],26.3 [25.0 - 27.6],26.6 [25.4 - 27.7],26.7 [25.5 - 27.8],26.7 [25.6 - 27.7],26.7 [25.7 - 27.7],26.8 [25.9 - 27.7],27.0 [26.1 - 27.8],27.1 [26.3 - 27.9],27.4 [26.6 - 28.2],27.6 [26.8 - 28.4],27.7 [26.8 - 28.5],27.8 [26.8 - 28.6],27.7 [26.7 - 28.6]
Sweden,<0.1 [<0.1 - 0.1],<0.1 [<0.1 - 0.1],<0.1 [<0.1 - 0.2],0.1 [<0.1 - 0.2],0.1 [<0.1 - 0.2],0.1 [<0.1 - 0.2],0.1 [<0.1 - 0.2],0.1 [0.1 - 0.2],0.1 [0.1 - 0.2],0.1 [0.1 - 0.2],0.1 [0.1 - 0.2],0.1 [0.1 - 0.2],0.1 [0.1 - 0.2],0.2 [0.1 - 0.2],0.2 [0.1 - 0.2],0.2 [0.1 - 0.2],0.2 [0.1 - 0.2],0.2 [0.1 - 0.2],0.2 [0.1 - 0.2],0.2 [0.1 - 0.2],0.2 [0.1 - 0.2],0.2 [0.1 - 0.2],0.2 [0.1 - 0.3],0.2 [0.1 - 0.3],0.2 [0.1 - 0.3]
Syrian Arab Republic,<0.1 [<0.1 - <0.1],<0.1 [<0.1 - <0.1],<0.1 [<0.1 - <0.1],<0.1 [<0.1 - <0.1],<0.1 [<0.1 - <0.1],<0.1 [<0.1 - <0.1],<0.1 [<0.1 - <0.1],<0.1 [<0.1 - <0.1],<0.1 [<0.1 - <0.1],<0.1 [<0.1 - <0.1],<0.1 [<0.1 - <0.1],<0.1 [<0.1 - <0.1],<0.1 [<0.1 - <0.1],<0.1 [<0.1 - <0.1],<0.1 [<0.1 - <0.1],<0.1 [<0.1 - <0.1],<0.1 [<0.1 - <0.1],<0.1 [<0.1 - <0.1],<0.1 [<0.1 - <0.1],<0.1 [<0.1 - <0.1],<0.1 [<0.1 - <0.1],<0.1 [<0.1 - <0.1],<0.1 [<0.1 - <0.1],<0.1 [<0.1 - <0.1],<0.1 [<0.1 - <0.1]
Tajikistan,<0.1 [<0.1 - <0.1],<0.1 [<0.1 - <0.1],<0.1 [<0.1 - <0.1],<0.1 [<0.1 - 0.1],<0.1 [<0.1 - 0.2],<0.1 [<0.1 - 0.3],0.1 [<0.1 - 0.3],0.2 [<0.1 - 0.4],0.2 [<0.1 - 0.4],0.2 [<0.1 - 0.4],0.2 [<0.1 - 0.4],0.3 [0.1 - 0.4],0.3 [0.1 - 0.4],0.3 [0.1 - 0.4],0.3 [0.2 - 0.4],0.3 [0.2 - 0.4],0.3 [0.2 - 0.4],0.3 [0.2 - 0.4],0.3 [0.2 - 0.4],0.3 [0.2 - 0.4],0.3 [0.2 - 0.4],0.3 [0.3 - 0.4],0.3 [0.3 - 0.4],0.3 [0.3 - 0.4],0.4 [0.3 - 0.4]
Thailand,0.8 [0.7 - 1.1],1.3 [1.1 - 1.6],1.7 [1.5 - 1.9],2.0 [1.7 - 2.2],2.2 [1.9 - 2.4],2.3 [1.9 - 2.5],2.3 [1.9 - 2.6],2.3 [1.9 - 2.6],2.2 [1.9 - 2.5],2.1 [1.9 - 2.4],2.1 [1.8 - 2.3],2.0 [1.7 - 2.2],1.9 [1.7 - 2.1],1.8 [1.5 - 1.9],1.7 [1.4 - 1.8],1.6 [1.4 - 1.7],1.5 [1.3 - 1.7],1.4 [1.3 - 1.6],1.4 [1.2 - 1.5],1.4 [1.2 - 1.5],1.3 [1.1 - 1.4],1.3 [1.1 - 1.4],1.2 [1.0 - 1.4],1.2 [1.0 - 1.3],1.1 [1.0 - 1.3]
Togo,1.2 [0.8 - 1.6],1.4 [1.0 - 1.9],1.6 [1.2 - 2.1],1.9 [1.4 - 2.4],2.1 [1.6 - 2.7],2.4 [1.9 - 3.1],2.7 [2.1 - 3.4],2.9 [2.3 - 3.7],3.2 [2.5 - 4.0],3.4 [2.7 - 4.2],3.5 [2.8 - 4.3],3.5 [2.9 - 4.4],3.6 [2.9 - 4.4],3.5 [2.9 - 4.3],3.4 [2.8 - 4.2],3.4 [2.7 - 4.1],3.3 [2.7 - 4.0],3.2 [2.6 - 3.8],3.0 [2.5 - 3.7],2.9 [2.4 - 3.5],2.8 [2.3 - 3.4],2.7 [2.2 - 3.2],2.6 [2.2 - 3.1],2.5 [2.1 - 3.0],2.4 [2.0 - 2.9]
Tunisia,<0.1 [<0.1 - <0.1],<0.1 [<0.1 - <0.1],<0.1 [<0.1 - <0.1],<0.1 [<0.1 - <0.1],<0.1 [<0.1 - <0.1],<0.1 [<0.1 - <0.1],<0.1 [<0.1 - <0.1],<0.1 [<0.1 - <0.1],<0.1 [<0.1 - <0.1],<0.1 [<0.1 - <0.1],<0.1 [<0.1 - <0.1],<0.1 [<0.1 - <0.1],<0.1 [<0.1 - <0.1],<0.1 [<0.1 - <0.1],<0.1 [<0.1 - <0.1],<0.1 [<0.1 - <0.1],<0.1 [<0.1 - <0.1],<0.1 [<0.1 - <0.1],<0.1 [<0.1 - <0.1],<0.1 [<0.1 - <0.1],<0.1 [<0.1 - <0.1],<0.1 [<0.1 - <0.1],<0.1 [<0.1 - <0.1],<0.1 [<0.1 - <0.1],<0.1 [<0.1 - <0.1]
Uganda,13.3 [12.1 - 14.7],13.4 [12.3 - 14.6],13.1 [12.2 - 14.2],12.6 [11.7 - 13.6],11.8 [11.0 - 12.8],11.0 [10.2 - 11.9],10.2 [9.4 - 11.0],9.3 [8.7 - 10.1],8.6 [7.9 - 9.3],7.9 [7.3 - 8.6],7.4 [6.8 - 8.0],6.9 [6.4 - 7.5],6.6 [6.1 - 7.1],6.4 [5.9 - 6.9],6.3 [5.8 - 6.8],6.3 [5.9 - 6.7],6.4 [6.0 - 6.8],6.5 [6.1 - 6.9],6.6 [6.2 - 7.0],6.8 [6.4 - 7.2],6.9 [6.6 - 7.3],7.1 [6.7 - 7.8],7.2 [6.7 - 8.1],7.2 [6.7 - 8.2],7.3 [6.6 - 8.1]
United Republic of Tanzania,5.1 [4.5 - 5.8],5.8 [5.1 - 6.6],6.4 [5.7 - 7.3],7.0 [6.1 - 7.9],7.4 [6.5 - 8.3],7.7 [6.8 - 8.7],7.9 [7.0 - 8.9],8.0 [7.1 - 9.0],8.1 [7.2 - 9.0],8.0 [7.2 - 8.9],7.9 [7.1 - 8.8],7.8 [7.1 - 8.6],7.6 [6.9 - 8.4],7.4 [6.8 - 8.2],7.2 [6.6 - 7.9],7.0 [6.4 - 7.6],6.8 [6.2 - 7.4],6.6 [6.0 - 7.2],6.4 [5.8 - 7.0],6.2 [5.7 - 6.8],6.1 [5.5 - 6.7],5.9 [5.4 - 6.5],5.7 [5.2 - 6.3],5.5 [5.0 - 6.1],5.3 [4.8 - 5.9]
Uruguay,<0.1 [<0.1 - <0.1],<0.1 [<0.1 - 0.1],0.1 [<0.1 - 0.2],0.1 [<0.1 - 0.2],0.2 [<0.1 - 0.2],0.2 [0.1 - 0.3],0.2 [0.2 - 0.3],0.3 [0.2 - 0.4],0.4 [0.2 - 0.5],0.4 [0.3 - 0.5],0.5 [0.4 - 0.6],0.6 [0.4 - 0.7],0.6 [0.5 - 0.8],0.7 [0.5 - 0.9],0.7 [0.6 - 0.9],0.8 [0.6 - 0.9],0.8 [0.6 - 1.0],0.8 [0.7 - 1.0],0.8 [0.7 - 0.9],0.8 [0.7 - 0.9],0.8 [0.6 - 0.9],0.7 [0.6 - 0.9],0.7 [0.6 - 0.8],0.7 [0.6 - 0.8],0.7 [0.6 - 0.8]
Uzbekistan,<0.1 [<0.1 - <0.1],<0.1 [<0.1 - <0.1],<0.1 [<0.1 - <0.1],<0.1 [<0.1 - <0.1],<0.1 [<0.1 - <0.1],<0.1 [<0.1 - <0.1],<0.1 [<0.1 - <0.1],<0.1 [<0.1 - <0.1],<0.1 [<0.1 - 0.1],<0.1 [<0.1 - 0.2],0.1 [<0.1 - 0.2],0.2 [0.1 - 0.2],0.2 [0.2 - 0.3],0.2 [0.2 - 0.3],0.3 [0.2 - 0.3],0.3 [0.2 - 0.3],0.3 [0.2 - 0.3],0.3 [0.2 - 0.3],0.2 [0.2 - 0.3],0.2 [0.2 - 0.3],0.2 [0.2 - 0.3],0.2 [0.2 - 0.2],0.2 [0.1 - 0.2],0.2 [0.1 - 0.2],0.2 [0.1 - 0.2]
Venezuela (Bolivarian Republic of),<0.1 [<0.1 - <0.1],<0.1 [<0.1 - <0.1],<0.1 [<0.1 - <0.1],<0.1 [<0.1 - 0.1],<0.1 [<0.1 - 0.2],0.1 [<0.1 - 0.2],0.2 [<0.1 - 0.3],0.2 [<0.1 - 0.4],0.3 [0.1 - 0.4],0.3 [0.1 - 0.5],0.3 [0.1 - 0.5],0.4 [0.1 - 0.6],0.4 [0.2 - 0.6],0.4 [0.2 - 0.7],0.5 [0.2 - 0.7],0.5 [0.2 - 0.8],0.5 [0.2 - 0.8],0.5 [0.2 - 0.8],0.5 [0.2 - 0.9],0.5 [0.2 - 0.9],0.5 [0.2 - 0.9],0.5 [0.2 - 0.9],0.6 [0.2 - 0.9],0.6 [0.2 - 0.9],0.6 [0.2 - 0.9]
Viet Nam,<0.1 [<0.1 - <0.1],<0.1 [<0.1 - <0.1],<0.1 [<0.1 - <0.1],<0.1 [<0.1 - <0.1],<0.1 [<0.1 - <0.1],<0.1 [<0.1 - <0.1],<0.1 [<0.1 - <0.1],<0.1 [<0.1 - 0.1],0.1 [0.1 - 0.2],0.2 [0.2 - 0.2],0.2 [0.2 - 0.3],0.3 [0.2 - 0.3],0.3 [0.3 - 0.3],0.3 [0.3 - 0.4],0.4 [0.3 - 0.4],0.4 [0.3 - 0.4],0.4 [0.3 - 0.4],0.4 [0.3 - 0.5],0.4 [0.4 - 0.5],0.4 [0.4 - 0.5],0.4 [0.4 - 0.5],0.4 [0.4 - 0.5],0.5 [0.4 - 0.5],0.5 [0.4 - 0.5],0.5 [0.4 - 0.5]
Yemen,<0.1 [<0.1 - <0.1],<0.1 [<0.1 - <0.1],<0.1 [<0.1 - <0.1],<0.1 [<0.1 - <0.1],<0.1 [<0.1 - <0.1],<0.1 [<0.1 - <0.1],<0.1 [<0.1 - <0.1],<0.1 [<0.1 - <0.1],<0.1 [<0.1 - <0.1],<0.1 [<0.1 - <0.1],<0.1 [<0.1 - <0.1],<0.1 [<0.1 - <0.1],<0.1 [<0.1 - <0.1],<0.1 [<0.1 - <0.1],<0.1 [<0.1 - <0.1],<0.1 [<0.1 - <0.1],<0.1 [<0.1 - <0.1],<0.1 [<0.1 - <0.1],<0.1 [<0.1 - <0.1],<0.1 [<0.1 - <0.1],<0.1 [<0.1 - <0.1],<0.1 [<0.1 - <0.1],<0.1 [<0.1 - <0.1],<0.1 [<0.1 - <0.1],<0.1 [<0.1 - <0.1]
Zambia,12.7 [11.0 - 14.3],13.1 [11.6 - 14.5],13.4 [12.1 - 14.6],13.6 [12.5 - 14.7],13.8 [12.8 - 14.8],14.0 [13.0 - 14.9],14.1 [13.2 - 15.0],14.2 [13.4 - 15.1],14.3 [13.5 - 15.1],14.3 [13.5 - 15.2],14.3 [13.5 - 15.1],14.3 [13.5 - 15.1],14.1 [13.4 - 14.9],14.0 [13.2 - 14.8],13.8 [13.1 - 14.6],13.6 [12.9 - 14.4],13.5 [12.7 - 14.2],13.3 [12.6 - 14.0],13.2 [12.5 - 13.9],13.1 [12.4 - 13.8],13.0 [12.4 - 13.7],12.9 [12.2 - 13.7],12.8 [12.1 - 13.5],12.6 [11.9 - 13.3],12.4 [11.7 - 13.1]
Zimbabwe,11.7 [10.9 - 12.5],15.2 [14.3 - 16.1],18.8 [17.9 - 19.8],22.2 [21.2 - 23.2],25.1 [24.0 - 26.2],27.3 [26.2 - 28.5],28.8 [27.7 - 29.9],29.5 [28.4 - 30.6],29.6 [28.5 - 30.7],29.2 [28.1 - 30.2],28.4 [27.3 - 29.3],27.2 [26.2 - 28.2],25.9 [24.9 - 26.8],24.5 [23.6 - 25.4],23.1 [22.2 - 24.0],21.8 [20.9 - 22.6],20.7 [19.8 - 21.4],19.7 [18.9 - 20.4],18.9 [18.1 - 19.6],18.4 [17.6 - 19.0],18.0 [17.2 - 18.7],17.7 [16.9 - 18.4],17.4 [16.6 - 18.1],17.0 [16.2 - 17.8],16.7 [15.9 - 17.5]
Global,0.3 [0.3 - 0.4],0.4 [0.3 - 0.4],0.4 [0.4 - 0.5],0.5 [0.4 - 0.5],0.5 [0.5 - 0.6],0.6 [0.5 - 0.7],0.6 [0.6 - 0.7],0.7 [0.6 - 0.8],0.7 [0.7 - 0.8],0.8 [0.7 - 0.8],0.8 [0.7 - 0.8],0.8 [0.7 - 0.9],0.8 [0.7 - 0.9],0.8 [0.7 - 0.9],0.8 [0.7 - 0.9],0.8 [0.7 - 0.8],0.8 [0.7 - 0.8],0.8 [0.7 - 0.8],0.8 [0.7 - 0.8],0.8 [0.7 - 0.8],0.8 [0.7 - 0.8],0.8 [0.7 - 0.8],0.8 [0.7 - 0.8],0.8 [0.7 - 0.8],0.8 [0.7 - 0.9]